Time,header.seq,header.stamp.secs,header.stamp.nsecs,header.frame_id,Latitude,Longitude,Altitude,Fix_quality,HDOP,UTM_easting,UTM_northing,UTC,Zone,Letter
1697669570.3772764,1,20,40,GPS1_Frame,42.33849,-71.08424333333333,15.192999839782715,5,4.900000095367432,328302.1494387194,4689463.297536176,225520.40625,19,T
1697669571.329682,2,21,40,GPS1_Frame,42.33849,-71.08424333333333,15.067000389099121,5,4.900000095367432,328302.1494387194,4689463.297536176,225521.40625,19,T
1697669572.332314,3,22,40,GPS1_Frame,42.33848666666667,-71.08424166666667,14.501999855041504,5,4.900000095367432,328302.27767019765,4689462.924029481,225522.40625,19,T
1697669573.3340192,4,23,40,GPS1_Frame,42.338485,-71.08424,14.340999603271484,5,4.900000095367432,328302.4104379626,4689462.7355934,225523.40625,19,T
1697669574.3354526,5,24,40,GPS1_Frame,42.338485,-71.08423666666667,14.189000129699707,5,4.900000095367432,328302.68504603487,4689462.728862481,225524.40625,19,T
1697669575.33195,6,25,40,GPS1_Frame,42.338485,-71.084235,13.9399995803833,5,4.900000095367432,328302.8223500731,4689462.725497026,225525.40625,19,T
1697669576.3339827,7,26,40,GPS1_Frame,42.338485,-71.08423166666667,13.704000473022461,5,4.900000095367432,328303.0969581453,4689462.718766124,225526.40625,19,T
1697669577.3375862,8,27,40,GPS1_Frame,42.33848666666667,-71.08422833333333,13.604999542236328,5,4.900000095367432,328303.3761024659,4689462.897105848,225527.40625,19,T
1697669578.3390808,9,28,40,GPS1_Frame,42.33848666666667,-71.084225,13.347999572753906,5,4.900000095367432,328303.65071053075,4689462.890374968,225528.40625,19,T
1697669579.3395698,10,29,40,GPS1_Frame,42.33848666666667,-71.08422166666666,13.086000442504883,5,4.900000095367432,328303.92531859764,4689462.8836440975,225529.40625,19,T
1697669580.3376837,11,30,40,GPS1_Frame,42.33848666666667,-71.08421833333334,12.942000389099121,5,4.900000095367432,328304.19992666447,4689462.876913237,225530.40625,19,T
1697669581.4177587,12,31,40,GPS1_Frame,42.33848666666667,-71.08421666666666,12.812000274658203,5,4.900000095367432,328304.3372306989,4689462.873547812,225531.40625,19,T
1697669582.3415592,13,32,40,GPS1_Frame,42.33848833333333,-71.08421333333334,12.678999900817871,5,4.900000095367432,328304.6163749752,4689463.051887581,225532.40625,19,T
1697669583.3384037,14,33,40,GPS1_Frame,42.33848833333333,-71.08421166666666,12.49899959564209,5,4.900000095367432,328304.753679006,4689463.048522164,225533.40625,19,T
1697669584.3375099,15,34,40,GPS1_Frame,42.33849166666667,-71.08420833333334,12.631999969482422,5,4.900000095367432,328305.0373594654,4689463.411932568,225534.40625,19,T
1697669585.3355112,16,35,40,GPS1_Frame,42.33849333333333,-71.084205,12.60099983215332,5,9.100000381469727,328305.3165037042,4689463.590272366,225535.40625,19,T
1697669586.3419847,17,36,40,GPS1_Frame,42.338495,-71.08420166666667,12.434000015258789,5,4.900000095367432,328305.5956479285,4689463.768612177,225536.40625,19,T
1697669587.3387485,18,37,40,GPS1_Frame,42.338498333333334,-71.08419833333333,12.633000373840332,5,9.100000381469727,328305.8793283183,4689464.132022613,225537.40625,19,T
1697669588.3389833,19,38,40,GPS1_Frame,42.338501666666666,-71.08419666666667,12.734000205993652,5,9.100000381469727,328306.02570467803,4689464.4987984495,225538.40625,19,T
1697669589.3343744,20,39,40,GPS1_Frame,42.338505,-71.084195,12.843000411987305,5,9.100000381469727,328306.1720810259,4689464.865574289,225539.40625,19,T
1697669590.335297,21,40,40,GPS1_Frame,42.33850666666667,-71.08419,12.75,5,4.900000095367432,328306.588529167,4689465.040548748,225540.40625,19,T
1697669591.3365939,22,41,40,GPS1_Frame,42.33850666666667,-71.08418666666667,12.54699993133545,5,9.0,328306.86313714413,4689465.033817991,225541.40625,19,T
1697669592.3325577,23,42,40,GPS1_Frame,42.33851,-71.08418333333333,12.562999725341797,5,4.900000095367432,328307.1468174216,4689465.397228474,225542.40625,19,T
1697669593.3342373,24,43,40,GPS1_Frame,42.33851333333333,-71.08417833333333,12.61299991607666,5,9.0,328307.56780164246,4689465.757273605,225543.40625,19,T
1697669594.3351846,25,44,40,GPS1_Frame,42.33851333333333,-71.084175,12.406000137329102,5,4.900000095367432,328307.84240959026,4689465.750542885,225544.40625,19,T
1697669595.3306203,26,45,40,GPS1_Frame,42.33851666666666,-71.08417166666666,12.524999618530273,5,4.900000095367432,328308.12608978886,4689466.113953407,225545.40625,19,T
1697669596.3325856,27,46,40,GPS1_Frame,42.33852,-71.08416833333334,12.607999801635742,5,4.900000095367432,328308.40976995474,4689466.477363939,225546.40625,19,T
1697669597.3324947,28,47,40,GPS1_Frame,42.338521666666665,-71.084165,12.498000144958496,5,1.7999999523162842,328308.68891398475,4689466.655703867,225547.40625,19,T
1697669598.3383515,29,48,40,GPS1_Frame,42.338525,-71.08416333333334,12.515000343322754,5,1.7999999523162842,328308.83529015223,4689467.0224797595,225548.40625,19,T
1697669599.3331115,30,49,40,GPS1_Frame,42.33852666666667,-71.08416,12.536999702453613,5,1.600000023841858,328309.114434152,4689467.200819702,225549.40625,19,T
1697669600.3350947,31,50,40,GPS1_Frame,42.33852666666667,-71.08415833333333,12.378000259399414,5,1.600000023841858,328309.25173809467,4689467.197454371,225550.40625,19,T
1697669601.343282,32,51,40,GPS1_Frame,42.338528333333336,-71.08415333333333,12.229999542236328,5,1.2999999523162842,328309.6681860174,4689467.372429008,225551.40625,19,T
1697669602.3429892,33,52,40,GPS1_Frame,42.33853,-71.08415,12.086999893188477,5,1.2999999523162842,328309.94732997887,4689467.550768983,225552.40625,19,T
1697669603.3445857,34,53,40,GPS1_Frame,42.33853166666667,-71.08414666666667,11.932000160217285,5,1.2999999523162842,328310.2264739239,4689467.72910897,225553.40625,19,T
1697669604.349034,35,54,40,GPS1_Frame,42.33853166666667,-71.08414333333333,11.855999946594238,5,1.2999999523162842,328310.5010817955,4689467.722378352,225554.40625,19,T
1697669605.3382745,36,55,40,GPS1_Frame,42.33853333333333,-71.08414,11.805000305175781,5,1.7000000476837158,328310.7802257187,4689467.90071836,225555.40625,19,T
1697669606.3497188,37,56,40,GPS1_Frame,42.33853333333333,-71.08413666666667,11.727999687194824,5,1.7000000476837158,328311.05483358086,4689467.893987764,225556.40625,19,T
1697669607.3503993,38,57,40,GPS1_Frame,42.33853333333333,-71.08413333333333,11.651000022888184,5,1.7000000476837158,328311.32944144297,4689467.887257178,225557.40625,19,T
1697669608.3433945,39,58,40,GPS1_Frame,42.33853333333333,-71.08412833333334,11.579999923706055,5,1.7000000476837158,328311.7413532349,4689467.87716132,225558.40625,19,T
1697669609.3448236,40,59,40,GPS1_Frame,42.33853333333333,-71.08412833333334,11.37399959564209,5,2.299999952316284,328311.7413532349,4689467.87716132,225559.40625,19,T
1697669610.3457084,41,0,40,GPS1_Frame,42.33853,-71.08412666666666,11.333000183105469,5,2.200000047683716,328311.8695851135,4689467.503654809,225600.40625,19,T
1697669611.3430345,42,1,40,GPS1_Frame,42.338528333333336,-71.084125,11.20199966430664,5,1.7000000476837158,328312.0023530257,4689467.315218917,225601.40625,19,T
1697669612.3437617,43,2,40,GPS1_Frame,42.338525,-71.08412166666666,11.269000053405762,5,1.100000023841858,328312.2678888807,4689466.9383471375,225602.40625,19,T
1697669613.3451922,44,3,40,GPS1_Frame,42.338523333333335,-71.08411833333334,11.229000091552734,5,1.7999999523162842,328312.5379607688,4689466.746545985,225603.40625,19,T
1697669614.34198,45,4,40,GPS1_Frame,42.338521666666665,-71.084115,11.190999984741211,5,1.2000000476837158,328312.8080326757,4689466.554744843,225604.40625,19,T
1697669615.3393338,46,5,40,GPS1_Frame,42.33852,-71.08411166666667,11.227999687194824,5,1.2000000476837158,328313.0781045931,4689466.362943713,225605.40625,19,T
1697669616.3482618,47,6,40,GPS1_Frame,42.33851833333333,-71.08410833333333,11.21500015258789,5,1.2000000476837158,328313.3481765271,4689466.171142594,225606.40625,19,T
1697669617.39739,48,7,40,GPS1_Frame,42.33851666666666,-71.084105,11.204000473022461,5,1.2999999523162842,328313.61824847583,4689465.979341485,225607.40625,19,T
1697669618.3467357,49,8,40,GPS1_Frame,42.338515,-71.08410166666667,11.348999977111816,4,1.2999999523162842,328313.88832043705,4689465.787540388,225608.40625,19,T
1697669619.4504228,50,9,40,GPS1_Frame,42.338515,-71.08409833333333,11.29800033569336,5,1.0,328314.16292838054,4689465.780809916,225609.40625,19,T
1697669620.423713,51,10,40,GPS1_Frame,42.338515,-71.084095,11.319999694824219,5,1.0,328314.4375363198,4689465.774079455,225610.40625,19,T
1697669621.4383411,52,11,40,GPS1_Frame,42.33851333333333,-71.08409333333333,11.279000282287598,5,1.0,328314.5703043389,4689465.585643613,225611.40625,19,T
1697669622.3407907,53,12,40,GPS1_Frame,42.33851166666667,-71.08409,11.208999633789062,5,1.100000023841858,328314.8403763402,4689465.393842555,225612.40625,19,T
1697669623.4537215,54,13,40,GPS1_Frame,42.33851166666667,-71.08408833333333,11.496000289916992,4,1.0,328314.9776803191,4689465.390477336,225613.40625,19,T
1697669624.441039,55,14,40,GPS1_Frame,42.33851,-71.084085,11.553000450134277,4,1.399999976158142,328315.24775233853,4689465.198676292,225614.40625,19,T
1697669625.4633532,56,15,40,GPS1_Frame,42.33851,-71.08408333333334,11.331000328063965,4,1.100000023841858,328315.38505632104,4689465.195311082,225615.40625,19,T
1697669626.4364038,57,16,40,GPS1_Frame,42.33851,-71.08408,11.07699966430664,5,1.0,328315.6596642819,4689465.1885806685,225616.40625,19,T
1697669627.435015,58,17,40,GPS1_Frame,42.33850833333333,-71.08407666666666,11.038000106811523,5,1.0,328315.92973633093,4689464.996779652,225617.40625,19,T
1697669628.3435445,59,18,40,GPS1_Frame,42.338505,-71.08407166666667,11.354999542236328,5,2.9000000953674316,328316.33257647546,4689464.616542842,225618.40625,19,T
1697669629.3479047,60,19,40,GPS1_Frame,42.338505,-71.08406666666667,11.685999870300293,5,1.2000000476837158,328316.74448845116,4689464.606447284,225619.40625,19,T
1697669630.4311626,61,20,40,GPS1_Frame,42.338503333333335,-71.08406333333333,12.064000129699707,5,1.600000023841858,328317.01456054917,4689464.414646313,225620.40625,19,T
1697669631.352259,62,21,40,GPS1_Frame,42.338501666666666,-71.08405833333333,12.359999656677246,5,0.8999999761581421,328317.4219366602,4689464.21948018,225621.40625,19,T
1697669632.4199872,63,22,40,GPS1_Frame,42.338503333333335,-71.084055,12.640000343322754,5,0.8999999761581421,328317.70108052704,4689464.3978204625,225622.40625,19,T
1697669633.4556515,64,23,40,GPS1_Frame,42.3385,-71.08405,12.829999923706055,5,1.600000023841858,328318.103920799,4689464.017583757,225623.40625,19,T
1697669634.347037,65,24,40,GPS1_Frame,42.338496666666664,-71.084045,13.147000312805176,5,4.099999904632568,328318.50676111504,4689463.637347076,225624.40625,19,T
1697669635.4496007,66,25,40,GPS1_Frame,42.338495,-71.08403833333334,13.78499984741211,5,1.2999999523162842,328319.0514413245,4689463.438815897,225625.40625,19,T
1697669636.4539583,67,26,40,GPS1_Frame,42.33849166666667,-71.08403,14.67300033569336,4,2.700000047683716,328319.7288897666,4689463.051849024,225626.40625,19,T
1697669637.449707,68,27,40,GPS1_Frame,42.33848666666667,-71.08402333333333,15.593000411987305,5,2.700000047683716,328320.2644984545,4689462.483176718,225627.40625,19,T
1697669638.4235215,69,28,40,GPS1_Frame,42.33848666666667,-71.08401833333333,15.57699966430664,5,3.4000000953674316,328320.67641055095,4689462.473081393,225628.40625,19,T
1697669639.3420627,70,29,40,GPS1_Frame,42.338485,-71.08401666666667,15.52299976348877,5,1.2999999523162842,328320.8091787986,4689462.284645677,225629.40625,19,T
1697669640.3382158,71,30,40,GPS1_Frame,42.338483333333336,-71.084015,15.166000366210938,5,1.399999976158142,328320.9419470557,4689462.096209966,225630.40625,19,T
1697669641.3366444,72,31,40,GPS1_Frame,42.33848166666667,-71.08401,15.005000114440918,5,1.600000023841858,328321.3493234033,4689461.901044069,225631.40625,19,T
1697669642.3919454,73,32,40,GPS1_Frame,42.33848,-71.08400666666667,14.994999885559082,5,1.7000000476837158,328321.6193957255,4689461.70924328,225632.40625,19,T
1697669643.3393755,74,33,40,GPS1_Frame,42.338476666666665,-71.08400166666667,15.25,5,1.399999976158142,328322.0222363656,4689461.329006813,225633.40625,19,T
1697669644.340412,75,34,40,GPS1_Frame,42.338475,-71.08399833333333,15.435999870300293,5,1.2999999523162842,328322.29230873013,4689461.137206054,225634.40625,19,T
1697669645.4351003,76,35,40,GPS1_Frame,42.33847333333333,-71.083995,15.461999893188477,5,2.9000000953674316,328322.5623811071,4689460.9454053035,225635.40625,19,T
1697669646.4241743,77,36,40,GPS1_Frame,42.33847,-71.08399,15.60099983215332,5,3.5999999046325684,328322.9652218404,4689460.565168894,225636.40625,19,T
1697669647.4003685,78,37,40,GPS1_Frame,42.33846666666667,-71.08398666666666,15.659000396728516,5,2.9000000953674316,328323.2307585458,4689460.1882975595,225637.40625,19,T
1697669648.4242241,79,38,40,GPS1_Frame,42.338465,-71.08398333333334,15.380999565124512,5,2.4000000953674316,328323.50083098514,4689459.996496849,225638.40625,19,T
1697669649.419289,80,39,40,GPS1_Frame,42.33846166666667,-71.083975,16.44099998474121,5,2.5,328324.1782799987,4689459.609530423,225639.40625,19,T
1697669650.4245646,81,40,40,GPS1_Frame,42.33846,-71.08397166666667,16.113000869750977,5,1.2000000476837158,328324.44835248555,4689459.417729752,225640.40625,19,T
1697669651.343124,82,41,40,GPS1_Frame,42.338458333333335,-71.083965,16.944000244140625,5,2.200000047683716,328324.9930331751,4689459.219199048,225641.40625,19,T
1697669652.4167056,83,42,40,GPS1_Frame,42.338456666666666,-71.08396166666667,17.017000198364258,5,1.7999999523162842,328325.26310569834,4689459.027398408,225642.40625,19,T
1697669653.3927598,84,43,40,GPS1_Frame,42.338451666666664,-71.08395166666666,18.007999420166016,5,1.100000023841858,328326.0733233619,4689458.451996552,225643.40625,19,T
1697669654.3968124,85,44,40,GPS1_Frame,42.33844833333333,-71.08394666666666,18.270000457763672,5,3.4000000953674316,328326.4761644305,4689458.0717603555,225644.40625,19,T
1697669655.43261,86,45,40,GPS1_Frame,42.338445,-71.08393666666667,19.465999603271484,5,3.0,328327.2909179055,4689457.681429259,225645.40625,19,T
1697669656.4119015,87,46,40,GPS1_Frame,42.33844,-71.08392833333333,20.358999252319336,5,2.9000000953674316,328327.9638317532,4689457.109392602,225646.40625,19,T
1697669657.3499324,88,47,40,GPS1_Frame,42.33843666666667,-71.08392333333333,20.447999954223633,5,4.800000190734863,328328.366672999,4689456.729156521,225647.40625,19,T
1697669658.4398708,89,48,40,GPS1_Frame,42.33844,-71.08393166666667,18.33300018310547,5,3.4000000953674316,328327.68922348775,4689457.116122522,225648.40625,19,T
1697669659.403143,90,49,40,GPS1_Frame,42.33843666666667,-71.083925,18.75200080871582,5,1.2000000476837158,328328.2293688601,4689456.732521472,225649.40625,19,T
1697669660.3402035,91,50,40,GPS1_Frame,42.338431666666665,-71.08391833333333,19.177000045776367,5,2.200000047683716,328328.76497872674,4689456.163849852,225650.40625,19,T
1697669661.4295323,92,51,40,GPS1_Frame,42.338433333333334,-71.08392333333333,17.607999801635742,5,0.8999999761581421,328328.35760184843,4689456.3590153,225651.40625,19,T
1697669662.4110053,93,52,40,GPS1_Frame,42.33842833333333,-71.083915,18.10700035095215,5,1.399999976158142,328329.0305159128,4689455.786978754,225652.40625,19,T
1697669663.344115,94,53,40,GPS1_Frame,42.33842666666666,-71.08391,17.979000091552734,5,2.200000047683716,328329.43789284007,4689455.591813348,225653.40625,19,T
1697669664.3379648,95,54,40,GPS1_Frame,42.33842333333333,-71.083905,17.89299964904785,5,2.200000047683716,328329.84073425486,4689455.211577356,225654.40625,19,T
1697669665.340891,96,55,40,GPS1_Frame,42.33841833333334,-71.08390333333334,17.562999725341797,5,2.200000047683716,328329.96443183336,4689454.653000609,225655.40625,19,T
1697669666.3427968,97,56,40,GPS1_Frame,42.338415,-71.08389833333334,17.510000228881836,5,2.200000047683716,328330.3672733329,4689454.272764651,225656.40625,19,T
1697669667.3440514,98,57,40,GPS1_Frame,42.338411666666666,-71.08389166666667,17.944000244140625,5,1.2999999523162842,328330.9074190716,4689453.889163817,225657.40625,19,T
1697669668.338996,99,58,40,GPS1_Frame,42.338408333333334,-71.08388666666667,17.9950008392334,5,2.200000047683716,328331.3102606664,4689453.508927916,225658.40625,19,T
1697669669.3387759,100,59,40,GPS1_Frame,42.338406666666664,-71.08388166666667,17.974000930786133,5,2.200000047683716,328331.7176377872,4689453.31376265,225659.40625,19,T
1697669670.3359363,101,0,40,GPS1_Frame,42.33840333333333,-71.08387666666667,18.19300079345703,5,1.2999999523162842,328332.120479459,4689452.933526797,225700.40625,19,T
1697669671.3473608,102,1,40,GPS1_Frame,42.3384,-71.08387166666667,17.975000381469727,5,1.2999999523162842,328332.5233211747,4689452.553290971,225701.40625,19,T
1697669672.339887,103,2,40,GPS1_Frame,42.33839666666667,-71.08386666666667,18.100000381469727,5,1.600000023841858,328332.9261629366,4689452.173055168,225702.40625,19,T
1697669673.3418443,104,3,40,GPS1_Frame,42.338395,-71.083865,17.57200050354004,5,1.2999999523162842,328333.05893171736,4689451.984619703,225703.40625,19,T
1697669674.3391843,105,4,40,GPS1_Frame,42.338391666666666,-71.08385333333334,18.54199981689453,5,2.700000047683716,328334.0109904892,4689451.590924567,225704.40625,19,T
1697669675.3407319,106,5,40,GPS1_Frame,42.338388333333334,-71.08384833333334,18.618000030517578,5,1.100000023841858,328334.4138323844,4689451.2106888555,225705.40625,19,T
1697669676.3461008,107,6,40,GPS1_Frame,42.338386666666665,-71.08384333333333,18.63800048828125,5,1.399999976158142,328334.8212097202,4689451.015523775,225706.40625,19,T
1697669677.3471706,108,7,40,GPS1_Frame,42.338385,-71.08384,18.650999069213867,5,1.2999999523162842,328335.09128282923,4689450.823723532,225707.40625,19,T
1697669678.3429558,109,8,40,GPS1_Frame,42.33838166666666,-71.08383333333333,18.766000747680664,5,1.2999999523162842,328335.6314290848,4689450.44012308,225708.40625,19,T
1697669679.3436952,110,9,40,GPS1_Frame,42.33837666666667,-71.083825,19.358999252319336,5,1.100000023841858,328336.3043443102,4689449.868087274,225709.40625,19,T
1697669680.3440187,111,10,40,GPS1_Frame,42.33837666666667,-71.08382166666667,19.27199935913086,5,1.100000023841858,328336.57895284984,4689449.8613577,225710.40625,19,T
1697669681.345257,112,11,40,GPS1_Frame,42.33837166666667,-71.08381666666666,19.593000411987305,5,1.2999999523162842,328336.97725964535,4689449.296051536,225711.40625,19,T
1697669682.4289827,113,12,40,GPS1_Frame,42.338368333333335,-71.08381333333334,19.36199951171875,5,1.100000023841858,328337.2427975468,4689448.919180773,225712.40625,19,T
1697669683.3444939,114,13,40,GPS1_Frame,42.338366666666666,-71.08380833333334,19.579999923706055,5,1.2000000476837158,328337.65017509053,4689448.724015864,225713.40625,19,T
1697669684.3487597,115,14,40,GPS1_Frame,42.338363333333334,-71.083805,19.40999984741211,5,1.2000000476837158,328337.91571305075,4689448.347145129,225714.40625,19,T
1697669685.337344,116,15,40,GPS1_Frame,42.338361666666664,-71.0838,19.486000061035156,5,2.0,328338.3230906477,4689448.151980262,225715.40625,19,T
1697669686.3506384,117,16,40,GPS1_Frame,42.33836,-71.08379666666667,19.51300048828125,5,1.100000023841858,328338.59316395724,4689447.960180161,225716.40625,19,T
1697669687.3459322,118,17,40,GPS1_Frame,42.33835666666667,-71.08379,19.768999099731445,5,1.5,328339.13331062463,4689447.5765799945,225717.40625,19,T
1697669688.3441272,119,18,40,GPS1_Frame,42.33835833333333,-71.08378833333333,19.518999099731445,5,0.8999999761581421,328339.27515021106,4689447.758285869,225718.40625,19,T
1697669689.3499224,120,19,40,GPS1_Frame,42.33835333333333,-71.083785,19.381999969482422,5,1.7999999523162842,328339.53615302907,4689447.196344593,225719.40625,19,T
1697669690.3390448,121,20,40,GPS1_Frame,42.33835166666667,-71.08378166666667,18.729999542236328,5,5.099999904632568,328339.8062264082,4689447.004544542,225720.40625,19,T
1697669691.3465323,122,21,40,GPS1_Frame,42.33835,-71.08377333333334,19.179000854492188,5,1.2000000476837158,328340.48821278766,4689446.80265037,225721.40625,19,T
1697669692.4160745,123,22,40,GPS1_Frame,42.338346666666666,-71.083765,19.83799934387207,5,1.2000000476837158,328341.16566397843,4689446.415685659,225722.40625,19,T
1697669693.345183,124,23,40,GPS1_Frame,42.338343333333334,-71.08376,19.757999420166016,5,1.2000000476837158,328341.5685065583,4689446.035450381,225723.40625,19,T
1697669694.3449147,125,24,40,GPS1_Frame,42.338341666666665,-71.08375666666667,19.62700080871582,5,1.100000023841858,328341.83858003805,4689445.843650411,225724.40625,19,T
1697669695.3459408,126,25,40,GPS1_Frame,42.33833833333333,-71.08375166666667,19.5939998626709,5,1.600000023841858,328342.24142268754,4689445.463415177,225725.40625,19,T
1697669696.4152157,127,26,40,GPS1_Frame,42.33833333333333,-71.08374,20.774999618530273,5,5.900000095367432,328343.18894765386,4689444.884650725,225726.40625,19,T
1697669697.4305592,128,27,40,GPS1_Frame,42.33833166666667,-71.08373333333333,20.815000534057617,5,2.700000047683716,328343.7336299555,4689444.686121535,225727.40625,19,T
1697669698.4309962,129,28,40,GPS1_Frame,42.33832666666667,-71.083725,21.309999465942383,5,2.799999952316284,328344.40654638596,4689444.114086546,225728.40625,19,T
1697669699.342975,130,29,40,GPS1_Frame,42.338323333333335,-71.08371833333334,21.589000701904297,5,2.700000047683716,328344.94669365964,4689443.7304868465,225729.40625,19,T
1697669700.3383882,131,30,40,GPS1_Frame,42.33831833333333,-71.08371166666667,22.06599998474121,5,2.700000047683716,328345.4823058876,4689443.161816583,225730.40625,19,T
1697669701.3404949,132,31,40,GPS1_Frame,42.338315,-71.08370666666667,22.09000015258789,5,4.099999904632568,328345.88514888874,4689442.7815815685,225731.40625,19,T
1697669702.341528,133,32,40,GPS1_Frame,42.33831166666667,-71.0837,22.191999435424805,5,1.399999976158142,328346.4252963454,4689442.397981989,225732.40625,19,T
1697669703.432975,134,33,40,GPS1_Frame,42.33830833333333,-71.08369166666667,22.924999237060547,5,2.9000000953674316,328347.1027482749,4689442.011017877,225733.40625,19,T
1697669704.3437185,135,34,40,GPS1_Frame,42.338305,-71.083685,23.106000900268555,5,2.700000047683716,328347.64289585553,4689441.627418395,225734.40625,19,T
1697669704.950486,136,35,40,GPS1_Frame,42.338301666666666,-71.08368,23.143999099731445,5,5.099999904632568,328348.04573906166,4689441.247183511,225735.40625,19,T
1697669704.970157,137,36,40,GPS1_Frame,42.3383,-71.08367,23.948999404907227,5,2.200000047683716,328348.865030642,4689441.041925627,225736.40625,19,T
1697669704.9813955,138,37,40,GPS1_Frame,42.338298333333334,-71.08366,25.05299949645996,5,2.700000047683716,328349.68432226556,4689440.836667839,225737.40625,19,T
1697669704.9878688,139,38,40,GPS1_Frame,42.33829333333333,-71.08365166666667,25.774999618530273,5,2.5,328350.3572395443,4689440.264633451,225738.40625,19,T
1697669705.0054324,140,39,40,GPS1_Frame,42.33829166666666,-71.08364666666667,25.58799934387207,5,2.700000047683716,328350.764617933,4689440.069469332,225739.40625,19,T
1697669705.0160408,141,40,40,GPS1_Frame,42.33828833333333,-71.08364,25.777999877929688,5,1.399999976158142,328351.3047658565,4689439.6858701445,225740.40625,19,T
1697669705.0344644,142,41,40,GPS1_Frame,42.33828666666667,-71.08363666666666,25.496000289916992,5,1.7999999523162842,328351.5748398423,4689439.494070567,225741.40625,19,T
1697669705.0491126,143,42,40,GPS1_Frame,42.33828333333334,-71.08363333333334,25.3700008392334,5,2.9000000953674316,328351.8403789082,4689439.117200397,225742.40625,19,T
1697669705.0652125,144,5,40,GPS1_Frame,42.33821,-71.08351833333333,22.781999588012695,5,2.200000047683716,328361.11486163887,4689430.741951317,225805.40625,19,T
1697669705.0705671,145,6,40,GPS1_Frame,42.338208333333334,-71.08351833333333,21.93000030517578,5,4.199999809265137,328361.1103269658,4689430.556880718,225806.40625,19,T
1697669705.0912259,146,7,40,GPS1_Frame,42.33820333333333,-71.08350666666666,23.405000686645508,5,3.5,328362.0578554604,4689429.978118938,225807.40625,19,T
1697669705.1186602,147,8,40,GPS1_Frame,42.33820166666667,-71.08350166666666,23.253000259399414,5,3.5,328362.4652347596,4689429.782955531,225808.40625,19,T
1697669705.1499822,148,9,40,GPS1_Frame,42.3382,-71.08350166666666,22.597999572753906,5,4.199999809265137,328362.46070012357,4689429.597884931,225809.40625,19,T
1697669705.1507344,149,10,40,GPS1_Frame,42.33820333333333,-71.08352333333333,17.395999908447266,5,5.199999809265137,328360.6848090133,4689430.011761809,225810.40625,19,T
1697669705.1607776,150,11,40,GPS1_Frame,42.33819833333333,-71.08351,19.270999908447266,5,1.7000000476837158,328361.7696422079,4689429.429635693,225811.40625,19,T
1697669705.175946,151,12,40,GPS1_Frame,42.338195,-71.08350333333334,19.400999069213867,5,4.199999809265137,328362.3097915521,4689429.0460374,225812.40625,19,T
1697669705.7051125,152,13,40,GPS1_Frame,42.33819166666667,-71.0835,19.232999801635742,5,3.5,328362.57533161226,4689428.669167672,225813.40625,19,T
1697669706.7239661,153,14,40,GPS1_Frame,42.338188333333335,-71.08349333333334,19.297000885009766,5,5.199999809265137,328363.11548105895,4689428.285569446,225814.40625,19,T
1697669707.7060912,154,15,40,GPS1_Frame,42.338188333333335,-71.08349,18.31599998474121,5,2.9000000953674316,328363.39009041374,4689428.278840948,225815.40625,19,T
1697669708.702109,155,16,40,GPS1_Frame,42.338188333333335,-71.08349166666666,16.593000411987305,5,2.200000047683716,328363.2527857374,4689428.282205196,225816.40625,19,T
1697669709.7009156,156,17,40,GPS1_Frame,42.338185,-71.08349166666666,15.416000366210938,5,5.199999809265137,328363.2437165113,4689427.912063998,225817.40625,19,T
1697669710.6985393,157,18,40,GPS1_Frame,42.338181666666664,-71.08348666666667,14.753999710083008,5,2.5,328363.64656136034,4689427.531830065,225818.40625,19,T
1697669711.7988586,158,19,40,GPS1_Frame,42.33818,-71.083485,13.741000175476074,5,5.199999809265137,328363.77933145524,4689427.343395228,225819.40625,19,T
1697669712.6987963,159,20,40,GPS1_Frame,42.338175,-71.08348,13.428000450134277,5,4.199999809265137,328364.17764178,4689426.778090729,225820.40625,19,T
1697669713.701616,160,21,40,GPS1_Frame,42.33817,-71.08347333333333,13.270999908447266,5,4.199999809265137,328364.71325688757,4689426.209422036,225821.40625,19,T
1697669714.6991293,161,22,40,GPS1_Frame,42.338166666666666,-71.08346333333333,13.902000427246094,5,5.199999809265137,328365.528016091,4689425.819095574,225822.40625,19,T
1697669715.7008646,162,23,40,GPS1_Frame,42.338163333333334,-71.08346,13.487000465393066,5,5.199999809265137,328365.7935564532,4689425.442225979,225823.40625,19,T
1697669716.7033627,163,24,40,GPS1_Frame,42.33815666666667,-71.083445,15.321000099182129,5,5.199999809265137,328367.01116099977,4689424.671665918,225824.40625,19,T
1697669717.6997192,164,25,40,GPS1_Frame,42.33815166666667,-71.083435,15.869000434875488,5,3.5999999046325684,328367.8213860153,4689424.096269134,225825.40625,19,T
1697669718.7071605,165,26,40,GPS1_Frame,42.338148333333336,-71.08342666666667,16.1560001373291,5,2.700000047683716,328368.49884085957,4689423.709307189,225826.40625,19,T
1697669719.7080455,166,27,40,GPS1_Frame,42.338145,-71.08342,16.128999710083008,5,4.199999809265137,328369.03899100865,4689423.325709442,225827.40625,19,T
1697669720.7003932,167,28,40,GPS1_Frame,42.33814,-71.08341166666666,16.29599952697754,5,2.700000047683716,328369.71191156085,4689422.753677023,225828.40625,19,T
1697669721.7026262,168,29,40,GPS1_Frame,42.338135,-71.08340333333334,16.792999267578125,5,2.700000047683716,328370.38483221876,4689422.181644671,225829.40625,19,T
1697669722.7078676,169,30,40,GPS1_Frame,42.33813166666667,-71.08339666666667,16.444000244140625,5,4.199999809265137,328370.9249825872,4689421.798047077,225830.40625,19,T
1697669723.7119474,170,31,40,GPS1_Frame,42.33812833333333,-71.08339166666667,16.0,5,4.199999809265137,328371.3278282059,4689421.417813611,225831.40625,19,T
1697669724.7051477,171,32,40,GPS1_Frame,42.338123333333336,-71.08338,16.770999908447266,5,1.7999999523162842,328372.2753587622,4689420.8390532825,225832.40625,19,T
1697669725.7027886,172,33,40,GPS1_Frame,42.338118333333334,-71.08337166666666,17.08099937438965,5,3.5,328372.9482798138,4689420.26702119,225833.40625,19,T
1697669726.7075987,173,34,40,GPS1_Frame,42.33811333333333,-71.08336333333334,17.55699920654297,5,3.5,328373.6212009754,4689419.694989165,225834.40625,19,T
1697669727.6912565,174,35,40,GPS1_Frame,42.33810666666667,-71.083345,19.774999618530273,5,3.5,328375.1134170634,4689418.9177025,225835.40625,19,T
1697669728.6971848,175,36,40,GPS1_Frame,42.338103333333336,-71.08333833333333,19.836000442504883,5,1.899999976158142,328375.6535679339,4689418.534105287,225836.40625,19,T
1697669729.6977415,176,37,40,GPS1_Frame,42.338096666666665,-71.08332166666666,21.70199966430664,5,2.700000047683716,328377.008479606,4689417.760183041,225837.40625,19,T
1697669730.6943636,177,38,40,GPS1_Frame,42.33809333333333,-71.083315,21.7450008392334,5,3.5,328377.54863066634,4689417.376585981,225838.40625,19,T
1697669731.6986423,178,39,40,GPS1_Frame,42.33808833333333,-71.08330833333333,21.81100082397461,5,4.199999809265137,328378.08424758003,4689416.80791837,225839.40625,19,T
1697669732.7131867,179,40,40,GPS1_Frame,42.33808333333333,-71.08329333333333,23.416000366210938,5,1.2000000476837158,328379.30638910795,4689416.222431133,225840.40625,19,T
1697669733.697489,180,41,40,GPS1_Frame,42.338078333333335,-71.08328166666666,24.12299919128418,5,4.199999809265137,328380.25392099726,4689415.643671926,225841.40625,19,T
1697669734.6990805,181,42,40,GPS1_Frame,42.338073333333334,-71.08327833333334,23.697999954223633,5,5.300000190734863,328380.5149284121,4689415.0817323355,225842.40625,19,T
1697669735.6956367,182,43,40,GPS1_Frame,42.338073333333334,-71.08328833333333,19.93600082397461,5,5.300000190734863,328379.69109885674,4689415.101915802,225843.40625,19,T
1697669736.695358,183,44,40,GPS1_Frame,42.338073333333334,-71.08329833333333,16.881000518798828,5,4.199999809265137,328378.8672692989,4689415.122099366,225844.40625,19,T
1697669737.6923926,184,45,40,GPS1_Frame,42.338065,-71.08328,19.016000747680664,5,7.800000190734863,328380.3549527766,4689414.159743275,225845.40625,19,T
1697669738.8013816,185,46,40,GPS1_Frame,42.33804166666667,-71.08319166666666,34.78099822998047,5,5.300000190734863,328387.56863953,4689411.390471776,225846.40625,19,T
1697669739.801978,186,47,40,GPS1_Frame,42.338031666666666,-71.08316333333333,38.569000244140625,5,6.900000095367432,328389.8756211231,4689410.222864656,225847.40625,19,T
1697669740.7024693,187,48,40,GPS1_Frame,42.33802333333333,-71.08313666666666,42.39500045776367,5,2.0,328392.04983224714,4689409.243692583,225848.40625,19,T
1697669741.801263,188,49,40,GPS1_Frame,42.33802166666667,-71.08314333333334,40.03499984741211,5,7.800000190734863,328391.4960782713,4689409.072076708,225849.40625,19,T
1697669742.6962461,189,50,40,GPS1_Frame,42.33804333333333,-71.08323,22.66900062561035,5,7.800000190734863,328384.4151586869,4689411.652909621,225850.40625,19,T
1697669743.7023675,190,51,40,GPS1_Frame,42.33804,-71.08323666666666,19.832000732421875,5,4.199999809265137,328383.8568706346,4689411.296223757,225851.40625,19,T
1697669744.7060685,191,52,40,GPS1_Frame,42.338035,-71.08322833333334,19.979999542236328,5,5.300000190734863,328384.52979354677,4689410.72419284,225852.40625,19,T
1697669745.7763767,192,53,40,GPS1_Frame,42.338028333333334,-71.08322,19.920000076293945,5,4.199999809265137,328385.19818256155,4689409.967091399,225853.40625,19,T
1697669746.7935593,193,54,40,GPS1_Frame,42.338025,-71.08321666666667,19.0310001373291,5,3.5,328385.4637246091,4689409.590222606,225854.40625,19,T
1697669747.7792163,194,55,40,GPS1_Frame,42.33801833333333,-71.08321333333333,17.958999633789062,5,5.300000190734863,328385.7201987,4689408.843212642,225855.40625,19,T
1697669748.7905793,195,56,40,GPS1_Frame,42.33801666666667,-71.083225,14.045999526977539,5,3.5999999046325684,328384.7545293671,4689408.6816887,225856.40625,19,T
1697669749.7892115,196,57,40,GPS1_Frame,42.33797166666667,-71.08325,7.576000213623047,5,3.5999999046325684,328382.5725337479,4689403.7352403,225857.40625,19,T
1697669750.8516479,197,58,40,GPS1_Frame,42.337968333333336,-71.08325,6.561999797821045,5,3.5999999046325684,328382.5634656127,4689403.365099121,225858.40625,19,T
1697669751.8421075,198,59,40,GPS1_Frame,42.33795666666666,-71.08324,6.843999862670898,5,2.200000047683716,328383.3555582225,4689402.049421903,225859.40625,19,T
1697669752.8450365,199,0,40,GPS1_Frame,42.33794833333334,-71.08323833333333,6.413000106811523,5,2.200000047683716,328383.4701932003,4689401.120705121,225900.40625,19,T
1697669753.832041,200,1,40,GPS1_Frame,42.337935,-71.08323333333334,8.050000190734863,5,2.0999999046325684,328383.84583656327,4689399.63004891,225901.40625,19,T
1697669754.8314917,201,2,40,GPS1_Frame,42.33792833333333,-71.08323333333334,7.60099983215332,5,2.200000047683716,328383.8277004515,4689398.889766555,225902.40625,19,T
1697669755.8321865,202,3,40,GPS1_Frame,42.337923333333336,-71.08323,7.2769999504089355,5,2.200000047683716,328384.0887088723,4689398.32782714,225903.40625,19,T
1697669756.8097913,203,4,40,GPS1_Frame,42.337916666666665,-71.083225,7.456999778747559,5,2.0999999046325684,328384.48248859606,4689397.577453328,225904.40625,19,T
1697669757.7960932,204,5,40,GPS1_Frame,42.33791333333333,-71.08322333333334,7.333000183105469,5,2.0999999046325684,328384.6107258526,4689397.203948338,225905.40625,19,T
1697669758.7854764,205,6,40,GPS1_Frame,42.33791,-71.08322333333334,7.140999794006348,5,2.0999999046325684,328384.60165784386,4689396.833807162,225906.40625,19,T
1697669759.7844768,206,7,40,GPS1_Frame,42.33790666666667,-71.08322166666666,6.853000164031982,5,2.0999999046325684,328384.7298951255,4689396.460302175,225907.40625,19,T
1697669760.814426,207,8,40,GPS1_Frame,42.33790333333334,-71.08322333333334,6.224999904632568,5,2.0999999046325684,328384.583521828,4689396.09352481,225908.40625,19,T
1697669761.812842,208,9,40,GPS1_Frame,42.33790166666667,-71.08323,5.9629998207092285,5,2.200000047683716,328384.02976662526,4689395.921909493,225909.40625,19,T
1697669762.7041547,209,10,40,GPS1_Frame,42.337893333333334,-71.08322666666666,7.098999977111816,5,1.899999976158142,328384.28170717484,4689394.989828914,225910.40625,19,T
1697669763.8420806,210,11,40,GPS1_Frame,42.33788666666667,-71.08322166666666,8.565999984741211,5,1.600000023841858,328384.675487132,4689394.239455125,225911.40625,19,T
1697669764.8415031,211,12,40,GPS1_Frame,42.33788666666667,-71.08322333333334,7.493000030517578,5,2.0,328384.53818179853,4689394.242818936,225912.40625,19,T
1697669765.7063706,212,13,40,GPS1_Frame,42.337876666666666,-71.083215,9.645999908447266,5,1.7000000476837158,328385.19750455976,4689393.115576386,225913.40625,19,T
1697669766.7099798,213,14,40,GPS1_Frame,42.337876666666666,-71.08322333333334,8.307000160217285,5,2.299999952316284,328384.51097778784,4689393.132395412,225914.40625,19,T
1697669767.7026262,214,15,40,GPS1_Frame,42.337878333333336,-71.083235,7.041999816894531,5,2.0,328383.5543743359,4689393.341012751,225915.40625,19,T
1697669768.7075589,215,16,40,GPS1_Frame,42.337876666666666,-71.08324166666667,7.010000228881836,5,2.0,328383.0006188939,4689393.169397508,225916.40625,19,T
1697669769.7100167,216,17,40,GPS1_Frame,42.337875,-71.08324833333333,6.359000205993652,5,1.899999976158142,328382.44686342264,4689392.997782308,225917.40625,19,T
1697669770.7094605,217,18,40,GPS1_Frame,42.33787,-71.08325,7.343999862670898,5,1.7999999523162842,328382.2959558863,4689392.445934401,225918.40625,19,T
1697669771.709971,218,19,40,GPS1_Frame,42.33786666666666,-71.08325333333333,7.9029998779296875,5,2.299999952316284,328382.0122770164,4689392.082520942,225919.40625,19,T
1697669772.70965,219,20,40,GPS1_Frame,42.33785833333334,-71.08325166666667,9.446999549865723,5,1.7000000476837158,328382.1269120824,4689391.153804149,225920.40625,19,T
1697669773.7035496,220,21,40,GPS1_Frame,42.337853333333335,-71.08325333333333,10.277999877929688,5,2.0,328381.97600449447,4689390.601956248,225921.40625,19,T
1697669774.8200788,221,22,40,GPS1_Frame,42.337851666666666,-71.08325833333333,10.097999572753906,5,1.7000000476837158,328381.559554202,4689390.426977254,225922.40625,19,T
1697669775.7084327,222,23,40,GPS1_Frame,42.33785,-71.08326333333333,9.79699993133545,5,1.7999999523162842,328381.1431038899,4689390.251998285,225923.40625,19,T
1697669776.7067635,223,24,40,GPS1_Frame,42.337846666666664,-71.08327,9.640999794006348,5,2.0,328380.58481404034,4689389.895312637,225924.40625,19,T
1697669777.7052,224,25,40,GPS1_Frame,42.337846666666664,-71.08327833333334,9.026000022888184,5,1.7999999523162842,328379.89828694134,4689389.912132106,225925.40625,19,T
1697669778.709581,225,26,40,GPS1_Frame,42.337845,-71.08328333333333,8.638999938964844,5,1.600000023841858,328379.48183655296,4689389.737153234,225926.40625,19,T
1697669779.7144086,226,27,40,GPS1_Frame,42.33784333333333,-71.08329,8.508000373840332,5,1.5,328378.9280807143,4689389.565538304,225927.40625,19,T
1697669780.7061388,227,28,40,GPS1_Frame,42.33784,-71.083295,8.803999900817871,5,1.899999976158142,328378.50709612435,4689389.2054889,225928.40625,19,T
1697669781.822105,228,29,40,GPS1_Frame,42.33783666666667,-71.0833,9.281000137329102,5,1.7000000476837158,328378.0861114912,4689388.845439522,225929.40625,19,T
1697669782.7130497,229,30,40,GPS1_Frame,42.337833333333336,-71.08330666666667,9.310999870300293,5,1.7000000476837158,328377.5278213647,4689388.488754111,225930.40625,19,T
1697669783.712903,230,31,40,GPS1_Frame,42.33783,-71.08331166666666,9.670000076293945,5,1.7000000476837158,328377.10683663806,4689388.128704787,225931.40625,19,T
1697669784.7087033,231,32,40,GPS1_Frame,42.337826666666665,-71.08331666666666,9.906000137329102,5,1.7000000476837158,328376.6858518683,4689387.768655489,225932.40625,19,T
1697669785.7111201,232,33,40,GPS1_Frame,42.33782166666667,-71.08332,10.388999938964844,5,1.600000023841858,328376.3976383164,4689387.22017166,225933.40625,19,T
1697669786.7137666,233,34,40,GPS1_Frame,42.33782,-71.08332666666666,10.487000465393066,5,2.299999952316284,328375.8438821974,4689387.048556966,225934.40625,19,T
1697669787.7070272,234,35,40,GPS1_Frame,42.33781666666667,-71.08333,10.75100040435791,5,2.299999952316284,328375.56020278315,4689386.685143754,225935.40625,19,T
1697669788.8271456,235,36,40,GPS1_Frame,42.33781333333334,-71.08333666666667,10.633999824523926,5,2.0,328375.0019123541,4689386.328458537,225936.40625,19,T
1697669789.7109237,236,37,40,GPS1_Frame,42.33781,-71.08334166666667,10.678000450134277,5,1.7000000476837158,328374.58092736884,4689385.96840936,225937.40625,19,T
1697669790.7131636,237,38,40,GPS1_Frame,42.337806666666665,-71.08334333333333,11.213000297546387,5,2.0,328374.4345533558,4689385.601632191,225938.40625,19,T
1697669791.7139435,238,39,40,GPS1_Frame,42.33780333333333,-71.08334833333333,11.664999961853027,5,1.7000000476837158,328374.0135682968,4689385.241583047,225939.40625,19,T
1697669792.710319,239,40,40,GPS1_Frame,42.33779666666667,-71.08335,13.142000198364258,5,2.0,328373.8581257026,4689384.504664716,225940.40625,19,T
1697669793.7130725,240,41,40,GPS1_Frame,42.337795,-71.08335666666666,12.855999946594238,5,2.0,328373.3043692996,4689384.333050216,225941.40625,19,T
1697669794.709745,241,42,40,GPS1_Frame,42.337788333333336,-71.08335666666666,14.17300033569336,5,2.0,328373.28623216203,4689383.592767871,225942.40625,19,T
1697669795.7046344,242,43,40,GPS1_Frame,42.337786666666666,-71.08336333333334,13.92300033569336,5,2.0,328372.7324756724,4689383.421153413,225943.40625,19,T
1697669796.7076812,243,44,40,GPS1_Frame,42.337783333333334,-71.08337,13.645000457763672,5,1.7000000476837158,328372.1741848408,4689383.064468411,225944.40625,19,T
1697669797.7064145,244,45,40,GPS1_Frame,42.337781666666665,-71.083375,13.395000457763672,5,1.7000000476837158,328371.757733842,4689382.88948998,225945.40625,19,T
1697669798.711036,245,46,40,GPS1_Frame,42.33778,-71.08338,13.270999908447266,5,1.7999999523162842,328371.34128282144,4689382.714511576,225946.40625,19,T
1697669799.70729,246,47,40,GPS1_Frame,42.33777666666667,-71.08338666666667,13.229000091552734,5,1.899999976158142,328370.7829918598,4689382.357826682,225947.40625,19,T
1697669800.7023923,247,48,40,GPS1_Frame,42.337775,-71.08339166666667,13.315999984741211,5,1.7999999523162842,328370.3665407812,4689382.182848332,225948.40625,19,T
1697669801.710724,248,49,40,GPS1_Frame,42.33777166666667,-71.08339666666667,13.1850004196167,5,1.7000000476837158,328369.94555531116,4689381.822799423,225949.40625,19,T
1697669802.706538,249,50,40,GPS1_Frame,42.33776833333334,-71.08340166666666,13.109000205993652,5,1.7000000476837158,328369.5245697979,4689381.462750535,225950.40625,19,T
1697669803.7073853,250,51,40,GPS1_Frame,42.337765,-71.08340833333334,12.982000350952148,5,1.600000023841858,328368.9662786415,4689381.106065781,225951.40625,19,T
1697669804.711273,251,52,40,GPS1_Frame,42.337761666666665,-71.08341166666666,13.27400016784668,5,1.7000000476837158,328368.6825986421,4689380.742652834,225952.40625,19,T
1697669805.7111661,252,53,40,GPS1_Frame,42.33775833333333,-71.08341666666666,13.243000030517578,5,1.7000000476837158,328368.2616129974,4689380.382604019,225953.40625,19,T
1697669806.7050884,253,54,40,GPS1_Frame,42.337756666666664,-71.08342166666667,13.14799976348877,5,2.0,328367.84516173456,4689380.207625816,225954.40625,19,T
1697669807.7152,254,55,40,GPS1_Frame,42.33775333333333,-71.08342833333333,12.89900016784668,5,2.0,328367.28687039076,4689379.850941191,225955.40625,19,T
1697669808.7890997,255,56,40,GPS1_Frame,42.33775,-71.083435,12.831999778747559,5,1.600000023841858,328366.72857899126,4689379.494256608,225956.40625,19,T
1697669809.7060902,256,57,40,GPS1_Frame,42.33774833333333,-71.08344166666667,12.616000175476074,5,1.600000023841858,328366.17482199776,4689379.322642656,225957.40625,19,T
1697669810.7022417,257,58,40,GPS1_Frame,42.337745,-71.08344833333334,12.619999885559082,5,2.200000047683716,328365.6165304949,4689378.96595816,225958.40625,19,T
1697669811.767205,258,59,40,GPS1_Frame,42.337741666666666,-71.08345333333334,12.673999786376953,5,2.200000047683716,328365.1955445856,4689378.605909523,225959.40625,19,T
1697669812.702454,259,0,40,GPS1_Frame,42.337736666666665,-71.08345833333334,12.664999961853027,5,1.7000000476837158,328364.7700241321,4689378.060790324,230000.40625,19,T
1697669813.7920773,260,1,40,GPS1_Frame,42.337735,-71.08346333333333,12.477999687194824,5,2.200000047683716,328364.3535726378,4689377.885812322,230001.40625,19,T
1697669814.7080452,261,2,40,GPS1_Frame,42.33773166666667,-71.08347,12.46500015258789,5,1.5,328363.79528092605,4689377.529127965,230002.40625,19,T
1697669815.7130306,262,3,40,GPS1_Frame,42.33772833333333,-71.083475,12.35099983215332,5,1.5,328363.374294837,4689377.169079432,230003.40625,19,T
1697669816.7184293,263,4,40,GPS1_Frame,42.337725,-71.08348166666667,12.289999961853027,5,1.600000023841858,328362.81600301707,4689376.812395152,230004.40625,19,T
1697669817.7182922,264,5,40,GPS1_Frame,42.33772166666667,-71.08348666666667,12.420000076293945,5,1.5,328362.39501683455,4689376.452346676,230005.40625,19,T
1697669818.71489,265,6,40,GPS1_Frame,42.337718333333335,-71.08349166666666,12.49899959564209,5,1.5,328361.9740306089,4689376.0922982255,230006.40625,19,T
1697669819.8088717,266,7,40,GPS1_Frame,42.33770333333333,-71.08348166666667,16.958999633789062,5,1.100000023841858,328362.757053868,4689374.4064775435,230007.40625,19,T
1697669820.797609,267,8,40,GPS1_Frame,42.33769,-71.083475,20.48200035095215,5,1.7000000476837158,328363.27000053274,4689372.912455977,230008.40625,19,T
1697669821.7698705,268,9,40,GPS1_Frame,42.33768666666667,-71.08348166666667,20.381999969482422,5,2.200000047683716,328362.7117083855,4689372.555771696,230009.40625,19,T
1697669822.784351,269,10,40,GPS1_Frame,42.33768333333333,-71.08348833333334,20.214000701904297,5,1.600000023841858,328362.1534161805,4689372.199087458,230010.40625,19,T
1697669823.7103307,270,11,40,GPS1_Frame,42.33768333333333,-71.08349333333334,19.69700050354004,5,1.899999976158142,328361.7414988487,4689372.209180186,230011.40625,19,T
1697669824.7016,271,12,40,GPS1_Frame,42.33768333333333,-71.08350333333334,18.70199966430664,5,1.600000023841858,328360.9176641848,4689372.229365711,230012.40625,19,T
1697669825.712367,272,13,40,GPS1_Frame,42.33768166666667,-71.08350833333333,18.334999084472656,1,0.8999999761581421,328360.50121224736,4689372.054387925,230013.40625,19,T
1697669826.794787,273,14,40,GPS1_Frame,42.337678333333336,-71.083515,18.187000274658203,5,9.5,328359.9429198826,4689371.697703861,230014.40625,19,T
1697669827.7067976,274,15,40,GPS1_Frame,42.33767,-71.08351166666667,19.5939998626709,5,2.9000000953674316,328360.194858399,4689370.765622382,230015.40625,19,T
1697669828.6967595,275,16,40,GPS1_Frame,42.337666666666664,-71.08351833333333,19.499000549316406,5,1.600000023841858,328359.63656592206,4689370.408938337,230016.40625,19,T
1697669829.7001698,276,17,40,GPS1_Frame,42.33766333333333,-71.08352333333333,19.43400001525879,5,1.7999999523162842,328359.21557920775,4689370.04889004,230017.40625,19,T
1697669830.6971881,277,18,40,GPS1_Frame,42.33766,-71.08353,19.29599952697754,5,1.7999999523162842,328358.6572866227,4689369.692206072,230018.40625,19,T
1697669831.693003,278,19,40,GPS1_Frame,42.33765833333333,-71.08353666666666,19.020999908447266,5,2.200000047683716,328358.10352864256,4689369.5205927305,230019.40625,19,T
1697669832.7014036,279,20,40,GPS1_Frame,42.337655,-71.083545,18.80500030517578,5,1.899999976158142,328357.4079301133,4689369.167273174,230020.40625,19,T
1697669833.702925,280,21,40,GPS1_Frame,42.33765,-71.08355166666666,18.665000915527344,5,1.600000023841858,328356.84510266513,4689368.625518762,230021.40625,19,T
1697669834.7045782,281,22,40,GPS1_Frame,42.337646666666664,-71.08356,18.39299964904785,5,2.0,328356.1495039826,4689368.272199327,230022.40625,19,T
1697669835.702279,282,23,40,GPS1_Frame,42.337645,-71.08356666666667,18.04400062561035,5,1.7000000476837158,328355.59574582125,4689368.10058618,230023.40625,19,T
1697669836.697121,283,24,40,GPS1_Frame,42.33764333333333,-71.08357166666667,17.809999465942383,5,1.7000000476837158,328355.17929349706,4689367.925608698,230024.40625,19,T
1697669837.6999223,284,25,40,GPS1_Frame,42.33764,-71.08357833333334,17.554000854492188,5,2.0,328354.62100052694,4689367.568925043,230025.40625,19,T
1697669838.7069626,285,26,40,GPS1_Frame,42.33763666666667,-71.08358333333334,17.635000228881836,5,2.9000000953674316,328354.20001338015,4689367.208877035,230026.40625,19,T
1697669839.702477,286,27,40,GPS1_Frame,42.33763166666667,-71.08359,17.638999938964844,5,1.600000023841858,328353.63718552305,4689366.667122871,230027.40625,19,T
1697669840.7039902,287,28,40,GPS1_Frame,42.337628333333335,-71.083595,17.641000747680664,5,2.200000047683716,328353.21619827213,4689366.307074919,230028.40625,19,T
1697669841.704942,288,29,40,GPS1_Frame,42.337625,-71.08360166666667,17.48699951171875,5,1.7000000476837158,328352.6579050715,4689365.950391413,230029.40625,19,T
1697669842.6985955,289,30,40,GPS1_Frame,42.337621666666664,-71.08360833333333,17.312999725341797,5,1.7000000476837158,328352.0996118152,4689365.593707949,230030.40625,19,T
1697669843.707724,290,31,40,GPS1_Frame,42.33761833333333,-71.083615,17.222000122070312,5,1.7999999523162842,328351.5413185011,4689365.237024527,230031.40625,19,T
1697669844.7026467,291,32,40,GPS1_Frame,42.337615,-71.08362166666667,16.88800048828125,5,1.7999999523162842,328350.9830251272,4689364.88034115,230032.40625,19,T
1697669845.7046344,292,33,40,GPS1_Frame,42.33761166666667,-71.08362833333334,16.9689998626709,5,1.600000023841858,328350.4247316957,4689364.523657816,230033.40625,19,T
1697669846.7041705,293,34,40,GPS1_Frame,42.337608333333336,-71.083635,16.797000885009766,5,1.600000023841858,328349.8664382063,4689364.166974524,230034.40625,19,T
1697669847.6992693,294,35,40,GPS1_Frame,42.337605,-71.08364166666667,16.878000259399414,5,1.600000023841858,328349.30814466137,4689363.810291275,230035.40625,19,T
1697669848.7029681,295,36,40,GPS1_Frame,42.337601666666664,-71.08364833333333,16.634000778198242,5,1.600000023841858,328348.7498510586,4689363.453608069,230036.40625,19,T
1697669849.7034752,296,37,40,GPS1_Frame,42.33759833333333,-71.083655,16.55299949645996,5,1.5,328348.1915573961,4689363.096924906,230037.40625,19,T
1697669850.7039943,297,38,40,GPS1_Frame,42.337595,-71.08366166666667,16.58300018310547,5,1.5,328347.63326367585,4689362.7402417855,230038.40625,19,T
1697669851.7059247,298,39,40,GPS1_Frame,42.33759,-71.08366833333334,16.667999267578125,5,1.5,328347.07043495204,4689362.1984881265,230039.40625,19,T
1697669852.7077324,299,40,40,GPS1_Frame,42.33758666666667,-71.08367333333334,16.375999450683594,5,1.5,328346.64944709284,4689361.838440554,230040.40625,19,T
1697669853.7057612,300,41,40,GPS1_Frame,42.337581666666665,-71.08368166666666,16.308000564575195,5,1.5,328345.94931222446,4689361.300051518,230041.40625,19,T
1697669854.7019434,301,42,40,GPS1_Frame,42.33757833333333,-71.08368833333333,16.236000061035156,5,1.5,328345.3910182448,4689360.94336857,230042.40625,19,T
1697669855.7041316,302,43,40,GPS1_Frame,42.33757333333333,-71.083695,16.268999099731445,5,1.7999999523162842,328344.82818920497,4689360.40161508,230043.40625,19,T
1697669856.7046964,303,44,40,GPS1_Frame,42.33757,-71.08370166666667,16.283000946044922,5,1.7000000476837158,328344.2698950956,4689360.044932219,230044.40625,19,T
1697669857.701843,304,45,40,GPS1_Frame,42.337563333333335,-71.08370666666667,17.059999465942383,5,1.100000023841858,328343.83983690897,4689359.314743643,230045.40625,19,T
1697669858.7024932,305,46,40,GPS1_Frame,42.33755,-71.0837,20.43199920654297,5,1.100000023841858,328344.35278097773,4689357.820720639,230046.40625,19,T
1697669859.705651,306,47,40,GPS1_Frame,42.33754,-71.0837,22.07900047302246,5,1.2000000476837158,328344.32557091303,4689356.710297141,230047.40625,19,T
1697669860.7070153,307,48,40,GPS1_Frame,42.33753333333333,-71.08370333333333,23.202999114990234,5,1.7000000476837158,328344.03281866055,4689355.976743974,230048.40625,19,T
1697669861.7022247,308,49,40,GPS1_Frame,42.33753,-71.08371,23.172000885009766,5,2.799999952316284,328343.4745241751,4689355.620061166,230049.40625,19,T
1697669862.6987586,309,50,40,GPS1_Frame,42.33752666666667,-71.08371666666666,23.020999908447266,5,2.0,328342.9162296299,4689355.263378402,230050.40625,19,T
1697669863.6983948,310,51,40,GPS1_Frame,42.33752333333333,-71.08372333333334,22.89699935913086,5,2.799999952316284,328342.35793502687,4689354.906695679,230051.40625,19,T
1697669864.6990893,311,52,40,GPS1_Frame,42.337518333333335,-71.08372666666666,23.174999237060547,5,2.799999952316284,328342.0697175725,4689354.35821317,230052.40625,19,T
1697669865.6995542,312,53,40,GPS1_Frame,42.337515,-71.08373166666667,23.26099967956543,5,1.600000023841858,328341.6487289997,4689353.998165883,230053.40625,19,T
1697669866.7001567,313,54,40,GPS1_Frame,42.337511666666664,-71.08373833333333,23.084999084472656,5,1.600000023841858,328341.09043423337,4689353.6414832575,230054.40625,19,T
1697669867.69763,314,55,40,GPS1_Frame,42.33751,-71.08374333333333,23.052000045776367,5,1.600000023841858,328340.6739806691,4689353.466506608,230055.40625,19,T
1697669868.7060077,315,56,40,GPS1_Frame,42.33750833333333,-71.08375,22.788999557495117,5,1.7000000476837158,328340.1202209253,4689353.294894641,230056.40625,19,T
1697669869.6985092,316,57,40,GPS1_Frame,42.337505,-71.08375666666667,22.570999145507812,5,1.7000000476837158,328339.5619260195,4689352.938212134,230057.40625,19,T
1697669870.695976,317,58,40,GPS1_Frame,42.33750333333333,-71.08376333333334,22.434999465942383,5,1.600000023841858,328339.00816620095,4689352.766600252,230058.40625,19,T
1697669871.6998494,318,59,40,GPS1_Frame,42.3375,-71.08377,22.299999237060547,5,1.5,328338.4498711938,4689352.409917832,230059.40625,19,T
1697669872.7004907,319,0,40,GPS1_Frame,42.33749666666667,-71.08377666666667,22.197999954223633,5,1.5,328337.89157613105,4689352.0532354545,230100.40625,19,T
1697669873.707255,320,1,40,GPS1_Frame,42.337493333333335,-71.08378333333333,21.976999282836914,5,1.100000023841858,328337.3332810106,4689351.696553119,230101.40625,19,T
1697669874.7035537,321,2,40,GPS1_Frame,42.337493333333335,-71.08379333333333,20.947999954223633,5,1.0,328336.5094438467,4689351.7167414455,230102.40625,19,T
1697669875.695456,322,3,40,GPS1_Frame,42.337493333333335,-71.08380166666667,20.05900001525879,5,1.100000023841858,328335.8229128774,4689351.733565125,230103.40625,19,T
1697669876.6955807,323,4,40,GPS1_Frame,42.337493333333335,-71.08380833333334,19.25,5,1.100000023841858,328335.27368810086,4689351.747024116,230104.40625,19,T
1697669877.7012713,324,5,40,GPS1_Frame,42.337495,-71.08381333333334,18.513999938964844,5,1.0,328334.8663047726,4689351.942188972,230105.40625,19,T
1697669878.7006502,325,6,40,GPS1_Frame,42.337498333333336,-71.08381666666666,17.698999404907227,5,1.100000023841858,328334.60076291295,4689352.319059666,230106.40625,19,T
1697669879.701156,326,7,40,GPS1_Frame,42.33750333333333,-71.08382166666667,17.000999450683594,5,1.7999999523162842,328334.2024501799,4689352.884365726,230107.40625,19,T
1697669880.70571,327,8,40,GPS1_Frame,42.33750833333333,-71.08382666666667,16.499000549316406,5,1.7999999523162842,328333.80413751124,4689353.449671815,230108.40625,19,T
1697669881.7007515,328,9,40,GPS1_Frame,42.337515,-71.08383166666667,16.027000427246094,5,1.600000023841858,328333.41036020627,4689354.200048509,230109.40625,19,T
1697669882.7028983,329,10,40,GPS1_Frame,42.33752,-71.08383666666667,15.609999656677246,5,2.0,328333.01204768417,4689354.765354645,230110.40625,19,T
1697669883.7032151,330,11,40,GPS1_Frame,42.337525,-71.08384333333333,15.173999786376953,5,1.600000023841858,328332.4764291021,4689355.334025617,230111.40625,19,T
1697669884.7059824,331,12,40,GPS1_Frame,42.33753,-71.08384833333334,14.890999794006348,5,1.7000000476837158,328332.07811672403,4689355.899331813,230112.40625,19,T
1697669885.70725,332,13,40,GPS1_Frame,42.337535,-71.08385333333334,14.527999877929688,5,1.7000000476837158,328331.6798044125,4689356.464638031,230113.40625,19,T
1697669886.7095826,333,14,40,GPS1_Frame,42.33754166666667,-71.08385833333334,14.23799991607666,5,1.2999999523162842,328331.28602752276,4689357.215014862,230114.40625,19,T
1697669887.7075672,334,15,40,GPS1_Frame,42.33754666666667,-71.083865,13.961999893188477,5,1.2999999523162842,328330.75040927617,4689357.783685976,230115.40625,19,T
1697669888.708513,335,16,40,GPS1_Frame,42.33755166666667,-71.08387,13.532999992370605,5,1.2999999523162842,328330.35209718643,4689358.348992279,230116.40625,19,T
1697669889.7072914,336,17,40,GPS1_Frame,42.337556666666664,-71.08387666666667,13.107000350952148,1,0.8999999761581421,328329.81647910544,4689358.91766347,230117.40625,19,T
1697669890.70579,337,18,40,GPS1_Frame,42.337561666666666,-71.08388166666667,12.717000007629395,5,1.7000000476837158,328329.41816715966,4689359.482969832,230118.40625,19,T
1697669891.7027311,338,19,40,GPS1_Frame,42.33756833333333,-71.08388833333333,12.725000381469727,5,1.399999976158142,328328.88708466734,4689360.236711686,230119.40625,19,T
1697669892.703243,339,20,40,GPS1_Frame,42.33757333333333,-71.08389333333334,12.47599983215332,5,1.2999999523162842,328328.4887728769,4689360.802018105,230120.40625,19,T
1697669893.7047334,340,21,40,GPS1_Frame,42.33758,-71.08390166666666,12.822999954223633,5,5.800000190734863,328327.8203845887,4689361.559124941,230121.40625,19,T
1697669894.7049644,341,22,40,GPS1_Frame,42.33759166666667,-71.08391166666667,14.21399974822998,5,1.399999976158142,328327.0282968803,4689362.874808525,230122.40625,19,T
1697669895.7035544,342,23,40,GPS1_Frame,42.33759666666667,-71.08391833333333,14.28499984741211,5,1.7000000476837158,328326.4926794315,4689363.443479993,230123.40625,19,T
1697669896.7088215,343,24,40,GPS1_Frame,42.3376,-71.08392333333333,14.196999549865723,5,1.600000023841858,328326.0898325246,4689363.8237159755,230124.40625,19,T
1697669897.6969674,344,25,40,GPS1_Frame,42.337605,-71.08392833333333,14.265000343322754,5,1.2999999523162842,328325.69152117724,4689364.38902257,230125.40625,19,T
1697669898.7013636,345,26,40,GPS1_Frame,42.33761,-71.083935,14.199999809265137,5,4.099999904632568,328325.1559039565,4689364.957694148,230126.40625,19,T
1697669899.7026904,346,27,40,GPS1_Frame,42.33761333333333,-71.08394,13.958000183105469,5,1.7000000476837158,328324.7530572113,4689365.337930212,230127.40625,19,T
1697669900.7029886,347,28,40,GPS1_Frame,42.33761833333333,-71.083945,13.829999923706055,5,1.5,328324.354746061,4689365.903236889,230128.40625,19,T
1697669901.7003453,348,29,40,GPS1_Frame,42.337625,-71.08395166666666,14.010000228881836,5,1.2999999523162842,328323.8236646344,4689366.656979165,230129.40625,19,T
1697669902.707937,349,30,40,GPS1_Frame,42.337628333333335,-71.08395666666667,13.857000350952148,5,1.399999976158142,328323.4208180641,4689367.037215313,230130.40625,19,T
1697669903.707092,350,31,40,GPS1_Frame,42.337633333333336,-71.08396166666667,14.003999710083008,5,4.0,328323.0225071244,4689367.602522073,230131.40625,19,T
1697669904.7104995,351,32,40,GPS1_Frame,42.33763833333333,-71.08396833333333,14.28499984741211,5,1.100000023841858,328322.4868903748,4689368.171193871,230132.40625,19,T
1697669905.7067916,352,33,40,GPS1_Frame,42.337645,-71.08397833333333,14.795999526977539,5,1.2000000476837158,328321.68119759974,4689368.931666356,230133.40625,19,T
1697669906.7097156,353,34,40,GPS1_Frame,42.337651666666666,-71.083985,15.369999885559082,5,1.2000000476837158,328321.15011670406,4689369.685408852,230134.40625,19,T
1697669907.7041018,354,35,40,GPS1_Frame,42.33765666666667,-71.08399166666666,15.312000274658203,5,1.0,328320.6145002708,4689370.254080804,230135.40625,19,T
1697669908.7101195,355,36,40,GPS1_Frame,42.33766,-71.08399833333333,14.805000305175781,5,1.399999976158142,328320.07434825273,4689370.63768221,230136.40625,19,T
1697669909.7080166,356,37,40,GPS1_Frame,42.33766166666667,-71.08400166666667,14.053999900817871,5,1.2000000476837158,328319.8042722657,4689370.829482932,230137.40625,19,T
1697669910.7103252,357,38,40,GPS1_Frame,42.337665,-71.08400666666667,12.998000144958496,5,2.4000000953674316,328319.40142615605,4689371.209719324,230138.40625,19,T
1697669911.776551,358,39,40,GPS1_Frame,42.337671666666665,-71.08401,12.305000305175781,5,1.2000000476837158,328319.1449573024,4689371.956731839,230139.40625,19,T
1697669912.7744591,359,40,40,GPS1_Frame,42.337675,-71.08401333333333,12.255999565124512,5,1.2999999523162842,328318.8794170971,4689372.3336031865,230140.40625,19,T
1697669913.7952003,360,41,40,GPS1_Frame,42.33768,-71.08401666666667,12.211999893188477,5,1.2999999523162842,328318.61841263383,4689372.895545137,230141.40625,19,T
1697669914.7569578,361,42,40,GPS1_Frame,42.33768333333333,-71.08402,12.144000053405762,5,1.2000000476837158,328318.35287249734,4689373.272416507,230142.40625,19,T
1697669915.7028508,362,43,40,GPS1_Frame,42.33768833333333,-71.084025,12.00100040435791,5,1.2000000476837158,328317.954562346,4689373.837723583,230143.40625,19,T
1697669916.7894065,363,44,40,GPS1_Frame,42.337691666666665,-71.08402833333334,11.640000343322754,5,1.2000000476837158,328317.6890222792,4689374.214594981,230144.40625,19,T
1697669917.7630394,364,45,40,GPS1_Frame,42.337696666666666,-71.08403166666666,11.600000381469727,5,1.2000000476837158,328317.4280179929,4689374.776536982,230145.40625,19,T
1697669918.78619,365,46,40,GPS1_Frame,42.3377,-71.08403666666666,11.588000297546387,5,1.2999999523162842,328317.0251722502,4689375.156773525,230146.40625,19,T
1697669919.7699642,366,47,40,GPS1_Frame,42.337705,-71.08404,11.91100025177002,5,1.0,328316.76416805247,4689375.718715553,230147.40625,19,T
1697669920.7701583,367,48,40,GPS1_Frame,42.33771,-71.084045,11.913999557495117,5,1.0,328316.3658581786,4689376.28402273,230148.40625,19,T
1697669921.709094,368,49,40,GPS1_Frame,42.337715,-71.08405,12.105999946594238,5,1.0,328315.9675483714,4689376.849329931,230149.40625,19,T
1697669922.7061043,369,50,40,GPS1_Frame,42.337718333333335,-71.084055,12.053999900817871,5,1.2000000476837158,328315.5647028312,4689377.229566566,230150.40625,19,T
1697669923.7048416,370,51,40,GPS1_Frame,42.33772166666667,-71.08405833333333,11.793999671936035,5,1.2000000476837158,328315.2991630328,4689377.606438062,230151.40625,19,T
1697669924.7086616,371,52,40,GPS1_Frame,42.33772666666667,-71.08406333333333,11.548999786376953,5,1.2999999523162842,328314.90085339156,4689378.171745331,230152.40625,19,T
1697669925.7068284,372,53,40,GPS1_Frame,42.33773,-71.08406666666667,11.489999771118164,5,1.2000000476837158,328314.6353136671,4689378.548616857,230153.40625,19,T
1697669926.706839,373,54,40,GPS1_Frame,42.337735,-71.08407,11.375,5,1.2000000476837158,328314.3743098077,4689379.110558986,230154.40625,19,T
1697669927.7049556,374,55,40,GPS1_Frame,42.337738333333334,-71.084075,11.289999961853027,5,1.2000000476837158,328313.9714644863,4689379.4907957185,230155.40625,19,T
1697669928.7094877,375,56,40,GPS1_Frame,42.337741666666666,-71.08407833333334,11.1850004196167,5,1.2000000476837158,328313.7059248653,4689379.867667285,230156.40625,19,T
1697669929.7811234,376,57,40,GPS1_Frame,42.33774666666667,-71.08408333333334,11.07800006866455,5,1.2000000476837158,328313.3076154904,4689380.432974652,230157.40625,19,T
1697669930.7025595,377,58,40,GPS1_Frame,42.33775166666667,-71.08408666666666,11.04699993133545,5,1.0,328313.0466118146,4689380.994916838,230158.40625,19,T
1697669931.7039566,378,59,40,GPS1_Frame,42.337755,-71.08409,10.975000381469727,5,1.2000000476837158,328312.7810723047,4689381.371788442,230159.40625,19,T
1697669932.698697,379,0,40,GPS1_Frame,42.33776,-71.084095,10.852999687194824,5,1.2000000476837158,328312.38276309636,4689381.937095868,230200.40625,19,T
1697669933.7120686,380,1,40,GPS1_Frame,42.337765,-71.08409833333333,10.75,5,1.2000000476837158,328312.1217595603,4689382.499038092,230201.40625,19,T
1697669934.782914,381,2,40,GPS1_Frame,42.33777166666667,-71.08410166666667,10.380999565124512,4,1.0,328311.86529197055,4689383.246050923,230202.40625,19,T
1697669935.714757,382,3,40,GPS1_Frame,42.33777333333333,-71.08410666666667,10.560999870300293,5,1.2000000476837158,328311.45791111764,4689383.44121722,230203.40625,19,T
1697669936.707733,383,4,40,GPS1_Frame,42.33777833333333,-71.08411166666667,10.373000144958496,5,1.100000023841858,328311.0596021425,4689384.00652473,230204.40625,19,T
1697669937.7102063,384,5,40,GPS1_Frame,42.337781666666665,-71.084115,10.541999816894531,5,1.0,328310.79406286404,4689384.383396416,230205.40625,19,T
1697670126.4965599,385,6,40,GPS1_Frame,42.337786666666666,-71.08412,10.390999794006348,5,1.0,328310.3957539977,4689384.948703969,230206.40625,19,T
1697670127.4906607,386,7,40,GPS1_Frame,42.33779166666667,-71.08412333333334,10.36299991607666,5,1.2000000476837158,328310.1347507457,4689385.51064628,230207.40625,19,T
1697670128.4931633,387,8,40,GPS1_Frame,42.337795,-71.08413,10.3149995803833,5,1.0,328309.59460049716,4689385.894248553,230208.40625,19,T
1697670129.4939315,388,9,40,GPS1_Frame,42.3378,-71.08413333333333,10.253999710083008,5,1.2000000476837158,328309.333597351,4689386.456190895,230209.40625,19,T
1697670130.492071,389,10,40,GPS1_Frame,42.337805,-71.08413833333333,10.277999877929688,5,1.2000000476837158,328308.9352887308,4689387.021498539,230210.40625,19,T
1697670131.4878042,390,11,40,GPS1_Frame,42.33781,-71.08414166666667,10.371999740600586,5,1.2000000476837158,328308.674285681,4689387.58344091,230211.40625,19,T
1697670132.4904008,391,12,40,GPS1_Frame,42.337815,-71.08414666666667,10.35200023651123,5,1.2000000476837158,328308.2759771829,4689388.148748594,230212.40625,19,T
1697670133.4945936,392,13,40,GPS1_Frame,42.33781833333333,-71.08415,10.26200008392334,5,1.2000000476837158,328308.0104382226,4689388.525620398,230213.40625,19,T
1697670134.499419,393,14,40,GPS1_Frame,42.33782166666667,-71.08415333333333,10.199999809265137,5,1.2000000476837158,328307.74489928986,4689388.902492214,230214.40625,19,T
1697670135.4915977,394,15,40,GPS1_Frame,42.337826666666665,-71.08415833333333,10.128999710083008,5,1.2000000476837158,328307.346590945,4689389.467799957,230215.40625,19,T
1697670136.4908326,395,16,40,GPS1_Frame,42.337831666666666,-71.08416333333334,10.10099983215332,5,1.2000000476837158,328306.94828266883,4689390.033107725,230216.40625,19,T
1697670137.5007088,396,17,40,GPS1_Frame,42.33783666666667,-71.08416833333334,10.12399959564209,5,1.2000000476837158,328306.5499744592,4689390.598415519,230217.40625,19,T
1697670138.5011053,397,18,40,GPS1_Frame,42.33784166666667,-71.08417166666666,10.083999633789062,5,1.2000000476837158,328306.28897175554,4689391.160357991,230218.40625,19,T
1697670139.4997218,398,19,40,GPS1_Frame,42.337846666666664,-71.08417666666666,10.140999794006348,5,1.2000000476837158,328305.89066366607,4689391.725665826,230219.40625,19,T
1697670140.488889,399,20,40,GPS1_Frame,42.33785,-71.08418,10.069000244140625,5,1.2000000476837158,328305.62512497744,4689392.102537731,230220.40625,19,T
1697670141.4946384,400,21,40,GPS1_Frame,42.337855,-71.084185,9.989999771118164,5,2.0,328305.2268170009,4689392.667845608,230221.40625,19,T
1697670142.4964828,401,22,40,GPS1_Frame,42.33786,-71.08419,9.96399974822998,5,1.7999999523162842,328304.82850909105,4689393.23315351,230222.40625,19,T
1697670143.4968855,402,23,40,GPS1_Frame,42.337865,-71.08419333333333,9.979999542236328,5,1.2000000476837158,328304.5675066343,4689393.795096056,230223.40625,19,T
1697670144.4942334,403,24,40,GPS1_Frame,42.33787,-71.08419833333333,9.984999656677246,5,1.2000000476837158,328304.16919884656,4689394.360404,230224.40625,19,T
1697670145.4941092,404,25,40,GPS1_Frame,42.337875,-71.08420333333333,9.982999801635742,5,1.100000023841858,328303.7708911234,4689394.925711968,230225.40625,19,T
1697670146.493638,405,26,40,GPS1_Frame,42.33788,-71.08420666666666,9.980999946594238,5,1.899999976158142,328303.5098888249,4689395.487654559,230226.40625,19,T
1697670147.4973416,406,27,40,GPS1_Frame,42.337885,-71.08421166666666,9.977999687194824,5,1.100000023841858,328303.11158122605,4689396.052962569,230227.40625,19,T
1697670148.4965131,407,28,40,GPS1_Frame,42.33788833333333,-71.08421666666666,9.920000076293945,5,1.2000000476837158,328302.7087375272,4689396.433200005,230228.40625,19,T
1697670149.4931505,408,29,40,GPS1_Frame,42.337893333333334,-71.08422166666666,9.887999534606934,5,1.2000000476837158,328302.31043004803,4689396.998508066,230229.40625,19,T
1697670150.4898763,409,30,40,GPS1_Frame,42.337896666666666,-71.084225,9.826000213623047,5,1.7999999523162842,328302.0448917662,4689397.375380121,230230.40625,19,T
1697670151.4982357,410,31,40,GPS1_Frame,42.33790166666667,-71.08423,9.847999572753906,5,1.7999999523162842,328301.64658440003,4689397.940688224,230231.40625,19,T
1697670152.4967418,411,32,40,GPS1_Frame,42.33790666666667,-71.084235,9.817000389099121,5,1.2000000476837158,328301.2482771004,4689398.50599635,230232.40625,19,T
1697670153.4962313,412,33,40,GPS1_Frame,42.33791166666666,-71.08424,9.722000122070312,5,1.2000000476837158,328300.8499698674,4689399.071304501,230233.40625,19,T
1697670154.4975786,413,34,40,GPS1_Frame,42.337916666666665,-71.084245,9.753000259399414,5,1.7999999523162842,328300.45166270086,4689399.636612681,230234.40625,19,T
1697670155.4937878,414,35,40,GPS1_Frame,42.33792166666667,-71.08425,9.711000442504883,5,1.7999999523162842,328300.0533555987,4689400.201920881,230235.40625,19,T
1697670156.495275,415,36,40,GPS1_Frame,42.33792666666667,-71.084255,9.633999824523926,5,1.2000000476837158,328299.65504856536,4689400.767229108,230236.40625,19,T
1697670157.4904556,416,37,40,GPS1_Frame,42.33793,-71.08426,9.482999801635742,5,1.600000023841858,328299.25220533175,4689401.14746676,230237.40625,19,T
1697670158.490891,417,38,40,GPS1_Frame,42.337935,-71.084265,9.638999938964844,5,1.2000000476837158,328298.8538984201,4689401.712775039,230238.40625,19,T
1697670159.495913,418,39,40,GPS1_Frame,42.337941666666666,-71.08427,9.618000030517578,5,1.2000000476837158,328298.4601278623,4689402.46315394,230239.40625,19,T
1697670160.4906704,419,40,40,GPS1_Frame,42.33794666666667,-71.084275,9.595999717712402,5,2.299999952316284,328298.06182109506,4689403.028462267,230240.40625,19,T
1697670161.4921088,420,41,40,GPS1_Frame,42.33795166666667,-71.08428,9.586999893188477,5,2.299999952316284,328297.6635143944,4689403.5937706195,230241.40625,19,T
1697670162.4953055,421,42,40,GPS1_Frame,42.33795833333333,-71.08428666666667,9.605999946594238,5,2.299999952316284,328297.13243889564,4689404.347515128,230242.40625,19,T
1697670163.4932003,422,43,40,GPS1_Frame,42.337963333333335,-71.08429,9.336000442504883,4,1.2000000476837158,328296.87143752543,4689404.909457999,230243.40625,19,T
1697670164.4930866,423,44,40,GPS1_Frame,42.33797,-71.08429833333334,9.609999656677246,5,1.2000000476837158,328296.2030570585,4689405.666568124,230244.40625,19,T
1697670165.48995,424,45,40,GPS1_Frame,42.337975,-71.08430333333334,9.569999694824219,5,1.2999999523162842,328295.80475066835,4689406.231876593,230245.40625,19,T
1697670166.4890337,425,46,40,GPS1_Frame,42.33798,-71.08430833333334,9.562000274658203,5,1.5,328295.40644434484,4689406.797185087,230246.40625,19,T
1697670167.492356,426,47,40,GPS1_Frame,42.337985,-71.084315,9.699000358581543,5,1.7000000476837158,328294.8708329596,4689407.365859182,230247.40625,19,T
1697670168.4951782,427,48,40,GPS1_Frame,42.33799,-71.08432166666667,9.666999816894531,5,1.2999999523162842,328294.33522166265,4689407.934533321,230248.40625,19,T
1697670169.4919136,428,49,40,GPS1_Frame,42.337995,-71.08432833333333,9.552000045776367,4,1.2999999523162842,328293.79961045604,4689408.503207503,230249.40625,19,T
1697670170.4885042,429,50,40,GPS1_Frame,42.338,-71.08433333333333,9.494999885559082,4,1.2999999523162842,328293.40130442916,4689409.068516121,230250.40625,19,T
1697670171.4803052,430,51,40,GPS1_Frame,42.338005,-71.08433833333333,9.817000389099121,5,1.2999999523162842,328293.0029984709,4689409.633824765,230251.40625,19,T
1697670172.4846704,431,52,40,GPS1_Frame,42.338008333333335,-71.08434333333334,9.770000457763672,5,3.299999952316284,328292.6001561262,4689410.01406283,230252.40625,19,T
1697670173.4814172,432,53,40,GPS1_Frame,42.338013333333336,-71.08434833333334,9.678000450134277,5,1.2000000476837158,328292.2018502897,4689410.579371524,230253.40625,19,T
1697670174.4892154,433,54,40,GPS1_Frame,42.33801833333333,-71.08435333333334,9.692000389099121,5,1.2000000476837158,328291.8035445198,4689411.14468024,230254.40625,19,T
1697670175.4840872,434,55,40,GPS1_Frame,42.338025,-71.08436,9.895000457763672,5,1.2999999523162842,328291.272470262,4689411.898425238,230255.40625,19,T
1697670176.4875028,435,56,40,GPS1_Frame,42.33803,-71.084365,9.789999961853027,5,1.2000000476837158,328290.8741646473,4689412.463734014,230256.40625,19,T
1697670177.4860368,436,57,40,GPS1_Frame,42.338033333333335,-71.08437,9.645000457763672,5,1.2999999523162842,328290.47132258595,4689412.84397221,230257.40625,19,T
1697670178.4859087,437,58,40,GPS1_Frame,42.33803833333333,-71.084375,9.684000015258789,5,1.2999999523162842,328290.07301709306,4689413.409281036,230258.40625,19,T
1697670179.4921546,438,59,40,GPS1_Frame,42.33804166666667,-71.08438166666667,9.824000358581543,5,1.2000000476837158,328289.5328701256,4689413.792884968,230259.40625,19,T
1697670180.4922483,439,0,40,GPS1_Frame,42.33804666666666,-71.08438666666666,9.930999755859375,5,1.2000000476837158,328289.1345647653,4689414.358193851,230300.40625,19,T
1697670181.5518591,440,1,40,GPS1_Frame,42.33805,-71.08439166666666,9.906000137329102,5,1.2000000476837158,328288.7317229097,4689414.738432158,230301.40625,19,T
1697670182.4912817,441,2,40,GPS1_Frame,42.338055,-71.08439666666666,9.942000389099121,5,1.2000000476837158,328288.33341767115,4689415.30374109,230302.40625,19,T
1697670183.4968028,442,3,40,GPS1_Frame,42.33806,-71.08440166666666,10.015999794006348,5,1.2000000476837158,328287.9351124972,4689415.869050048,230303.40625,19,T
1697670184.49969,443,4,40,GPS1_Frame,42.33806333333333,-71.08440833333333,10.152999877929688,5,1.2000000476837158,328287.3949658398,4689416.252654154,230304.40625,19,T
1697670185.48976,444,5,40,GPS1_Frame,42.33806666666667,-71.08441166666667,10.265999794006348,5,1.2000000476837158,328287.12942913664,4689416.629526831,230305.40625,19,T
1697670186.4962232,445,6,40,GPS1_Frame,42.338071666666664,-71.08441666666667,10.119000434875488,5,1.2000000476837158,328286.7311241417,4689417.194835864,230306.40625,19,T
1697670187.4953423,446,7,40,GPS1_Frame,42.338076666666666,-71.08442333333333,10.333000183105469,5,1.2000000476837158,328286.19551428396,4689417.763510675,230307.40625,19,T
1697670188.4904652,447,8,40,GPS1_Frame,42.33808166666667,-71.08442833333334,10.385000228881836,5,1.2999999523162842,328285.79720943293,4689418.328819767,230308.40625,19,T
1697670189.499779,448,9,40,GPS1_Frame,42.338085,-71.08443333333334,10.491999626159668,5,1.5,328285.3943679927,4689418.709058277,230309.40625,19,T
1697670190.4967525,449,10,40,GPS1_Frame,42.33809,-71.08443833333334,10.475000381469727,5,1.2000000476837158,328284.9960632635,4689419.274367419,230310.40625,19,T
1697670191.5005922,450,11,40,GPS1_Frame,42.33809333333333,-71.08444333333334,10.494000434875488,5,1.100000023841858,328284.59322192246,4689419.654605978,230311.40625,19,T
1697670192.4936554,451,12,40,GPS1_Frame,42.338098333333335,-71.08444833333333,10.616999626159668,5,1.2000000476837158,328284.19491731504,4689420.21991517,230312.40625,19,T
1697670193.499429,452,13,40,GPS1_Frame,42.338103333333336,-71.08445333333333,10.567999839782715,5,1.2000000476837158,328283.7966127741,4689420.785224386,230313.40625,19,T
1697670194.488231,453,14,40,GPS1_Frame,42.338105,-71.08445666666667,10.635000228881836,5,1.2999999523162842,328283.5265397393,4689420.977026603,230314.40625,19,T
1697670195.4805984,454,15,40,GPS1_Frame,42.33810833333333,-71.08446166666667,10.659000396728516,5,2.0,328283.12369857833,4689421.357265253,230315.40625,19,T
1697670196.4862914,455,16,40,GPS1_Frame,42.33811,-71.08446333333333,10.878999710083008,5,1.2000000476837158,328282.99093044293,4689421.545701679,230316.40625,19,T
1697670197.4882827,456,17,40,GPS1_Frame,42.33811333333333,-71.084465,10.741000175476074,5,2.799999952316284,328282.8626990421,4689421.919208713,230317.40625,19,T
1697670198.486472,457,18,40,GPS1_Frame,42.33811166666667,-71.084465,10.545999526977539,5,2.799999952316284,328282.858162315,4689421.734138107,230318.40625,19,T
1697670199.489556,458,19,40,GPS1_Frame,42.338115,-71.08446833333333,10.493000030517578,5,1.7000000476837158,328282.592626077,4689422.111010969,230319.40625,19,T
1697670200.4841294,459,20,40,GPS1_Frame,42.338115,-71.08447,10.838000297546387,5,1.2000000476837158,328282.4553212349,4689422.114376797,230320.40625,19,T
1697670201.4911702,460,21,40,GPS1_Frame,42.338118333333334,-71.084475,10.729000091552734,5,1.600000023841858,328282.05248019675,4689422.494615515,230321.40625,19,T
1697670202.4843924,461,22,40,GPS1_Frame,42.33812,-71.08447833333334,10.725000381469727,5,1.2000000476837158,328281.78240727755,4689422.686417803,230322.40625,19,T
1697670203.488365,462,23,40,GPS1_Frame,42.338123333333336,-71.08448166666666,10.87600040435791,5,1.7000000476837158,328281.51687113935,4689423.06329071,230323.40625,19,T
1697670204.4862585,463,24,40,GPS1_Frame,42.33813,-71.08448833333334,11.633000373840332,5,5.0,328280.98579894763,4689423.817036557,230324.40625,19,T
1697670205.490876,464,25,40,GPS1_Frame,42.33813166666667,-71.08449166666666,11.418000221252441,5,0.4000000059604645,328280.71572610905,4689424.00883889,230325.40625,19,T
1697670206.4865053,465,26,40,GPS1_Frame,42.338136666666664,-71.084495,11.423999786376953,5,5.0,328280.4547268741,4689424.570782451,230326.40625,19,T
1697670207.4867141,466,27,40,GPS1_Frame,42.338141666666665,-71.0845,11.835000038146973,5,1.7000000476837158,328280.0564228976,4689425.136091898,230327.40625,19,T
1697670208.482258,467,28,40,GPS1_Frame,42.33813833333333,-71.08452666666666,13.010000228881836,5,0.4000000059604645,328277.8504725747,4689424.819805082,230328.40625,19,T
1697670209.4826176,468,29,40,GPS1_Frame,42.33814666666667,-71.08452,12.826000213623047,5,0.4000000059604645,328278.4223759998,4689425.731694461,230329.40625,19,T
1697670210.4887729,469,30,40,GPS1_Frame,42.33815166666667,-71.08453,13.243000030517578,5,2.799999952316284,328277.6121579557,4689426.307101802,230330.40625,19,T
1697670211.4964187,470,31,40,GPS1_Frame,42.33816,-71.08454166666667,13.812999725341797,5,1.7999999523162842,328276.67370908766,4689427.256016404,230331.40625,19,T
1697670212.4904017,471,32,40,GPS1_Frame,42.33817,-71.08455,14.395999908447266,5,1.2000000476837158,328276.0144068514,4689428.383269826,230332.40625,19,T
1697670213.4945385,472,33,40,GPS1_Frame,42.33817666666667,-71.08456166666667,14.741999626159668,5,2.0999999046325684,328275.0714215422,4689429.147114051,230333.40625,19,T
1697670214.4932299,473,34,40,GPS1_Frame,42.33818333333333,-71.08457166666666,15.012999534606934,5,1.899999976158142,328274.26574113616,4689429.907592411,230334.40625,19,T
1697670215.4903855,474,35,40,GPS1_Frame,42.338186666666665,-71.08457833333334,15.178999900817871,5,2.0999999046325684,328273.72559630824,4689430.291197633,230335.40625,19,T
1697670216.4930043,475,36,40,GPS1_Frame,42.33819166666667,-71.08457333333334,12.0600004196167,1,0.8999999761581421,328274.15112128656,4689430.836311461,230336.40625,19,T
1697670217.492317,476,37,40,GPS1_Frame,42.338186666666665,-71.08458333333333,14.345000267028809,5,0.4000000059604645,328273.3136822393,4689430.301295662,230337.40625,19,T
1697670218.4900458,477,38,40,GPS1_Frame,42.338188333333335,-71.084595,14.925000190734863,5,1.2999999523162842,328272.35708642704,4689430.509928435,230338.40625,19,T
1697670219.4940932,478,39,40,GPS1_Frame,42.3382,-71.08460833333334,15.604999542236328,5,1.7999999523162842,328271.2904082609,4689431.832351059,230339.40625,19,T
1697670220.5002337,479,40,40,GPS1_Frame,42.33819833333333,-71.08461333333334,15.741999626159668,5,1.899999976158142,328270.8739572205,4689431.657378623,230340.40625,19,T
1697670221.500091,480,41,40,GPS1_Frame,42.33820333333333,-71.08462,16.516000747680664,5,1.899999976158142,328270.3383497788,4689432.226054728,230341.40625,19,T
1697670222.485902,481,42,40,GPS1_Frame,42.338206666666665,-71.084625,16.875,5,1.899999976158142,328269.93550998555,4689432.606294182,230342.40625,19,T
1697670223.4899025,482,43,40,GPS1_Frame,42.33820333333333,-71.08462833333333,17.006000518798828,5,1.7000000476837158,328269.65182651184,4689432.242885127,230343.40625,19,T
1697670224.4949481,483,44,40,GPS1_Frame,42.33820166666667,-71.08463166666667,16.797000885009766,5,4.900000095367432,328269.3726801056,4689432.064546695,230344.40625,19,T
1697670225.4861343,484,45,40,GPS1_Frame,42.33820333333333,-71.08463666666667,16.854000091552734,5,1.2999999523162842,328268.96530324034,4689432.259715593,230345.40625,19,T
1697670226.4880898,485,46,40,GPS1_Frame,42.338205,-71.08463833333333,16.725000381469727,5,1.7999999523162842,328268.8325357001,4689432.448152307,230346.40625,19,T
1697670227.4914105,486,47,40,GPS1_Frame,42.338211666666666,-71.08464166666667,15.902000427246094,5,3.0999999046325684,328268.5760748808,4689433.195166966,230347.40625,19,T
1697670228.493454,487,48,40,GPS1_Frame,42.338215,-71.084645,15.659000396728516,5,1.399999976158142,328268.31053986715,4689433.572040412,230348.40625,19,T
1697670229.4930453,488,49,40,GPS1_Frame,42.33822166666667,-71.08465,15.517999649047852,5,1.899999976158142,328267.9167745396,4689434.322421215,230349.40625,19,T
1697670230.4833143,489,50,40,GPS1_Frame,42.338225,-71.08464833333333,14.96399974822998,5,1.2999999523162842,328268.06315342337,4689434.689196319,230350.40625,19,T
1697670231.4843857,490,51,40,GPS1_Frame,42.338231666666665,-71.08465,14.842000007629395,5,1.2000000476837158,328267.94399738085,4689435.432844891,230351.40625,19,T
1697670232.4886544,491,52,40,GPS1_Frame,42.33823666666667,-71.08465166666667,14.586999893188477,5,1.2999999523162842,328267.8203042207,4689435.991422852,230352.40625,19,T
1697670233.4796278,492,53,40,GPS1_Frame,42.33824,-71.08465,14.279999732971191,5,1.2999999523162842,328267.9666830858,4689436.3581979545,230353.40625,19,T
1697670234.4862204,493,54,40,GPS1_Frame,42.33824333333333,-71.084645,13.920000076293945,5,1.2999999523162842,328268.38767106895,4689436.718240825,230354.40625,19,T
1697670235.4839225,494,55,40,GPS1_Frame,42.33824666666667,-71.08463833333333,13.729000091552734,5,1.2999999523162842,328268.9459635677,4689437.07491762,230355.40625,19,T
1697670236.485971,495,56,40,GPS1_Frame,42.33825,-71.08463,13.458000183105469,5,1.2999999523162842,328269.64156056213,4689437.4282283615,230356.40625,19,T
1697670237.4856281,496,57,40,GPS1_Frame,42.338253333333334,-71.08462166666666,13.262999534606934,5,1.2999999523162842,328270.33715748636,4689437.781539172,230357.40625,19,T
1697670238.4837794,497,58,40,GPS1_Frame,42.338256666666666,-71.08461333333334,13.109000205993652,5,1.2999999523162842,328271.0327543339,4689438.134850049,230358.40625,19,T
1697670239.560099,498,59,40,GPS1_Frame,42.33826,-71.084605,13.095000267028809,5,4.800000190734863,328271.72835111327,4689438.488160994,230359.40625,19,T
1697670240.4847853,499,0,40,GPS1_Frame,42.33826833333333,-71.0846,13.595000267028809,5,4.800000190734863,328272.16294987616,4689439.403415925,230400.40625,19,T
1697670241.4811707,500,1,40,GPS1_Frame,42.338271666666664,-71.08459166666667,13.420000076293945,5,4.800000190734863,328272.8585464677,4689439.7567269765,230401.40625,19,T
1697670242.4850268,501,2,40,GPS1_Frame,42.338275,-71.08458333333333,13.168000221252441,5,9.699999809265137,328273.554142991,4689440.110038097,230402.40625,19,T
1697670243.4905074,502,3,40,GPS1_Frame,42.338278333333335,-71.08457666666666,13.081999778747559,5,9.699999809265137,328274.1124349507,4689440.4667152865,230403.40625,19,T
1697670244.4901292,503,4,40,GPS1_Frame,42.33828333333334,-71.08456833333334,12.909000396728516,5,4.199999809265137,328274.8125682996,4689441.00509714,230404.40625,19,T
1697670245.4967835,504,5,40,GPS1_Frame,42.33828666666667,-71.08456,12.739999771118164,5,4.199999809265137,328275.50816459523,4689441.358408447,230405.40625,19,T
1697670246.4982326,505,6,40,GPS1_Frame,42.33829333333333,-71.08455166666667,12.763999938964844,4,4.199999809265137,328276.21283467766,4689442.081861049,230406.40625,19,T
1697670247.499716,506,7,40,GPS1_Frame,42.338296666666665,-71.08454333333333,12.444000244140625,5,4.199999809265137,328276.9084307928,4689442.435172491,230407.40625,19,T
1697670248.4966636,507,8,40,GPS1_Frame,42.3383,-71.084535,12.157999992370605,5,9.699999809265137,328277.60402683145,4689442.788484001,230408.40625,19,T
1697670249.4960065,508,9,40,GPS1_Frame,42.338305,-71.08452666666666,12.00100040435791,5,6.900000095367432,328278.30415968015,4689443.32686619,230409.40625,19,T
1697670250.5644267,509,10,40,GPS1_Frame,42.33831,-71.08452,12.145999908447266,4,4.800000190734863,328278.86698799697,4689443.868614358,230410.40625,19,T
1697670251.5684383,510,11,40,GPS1_Frame,42.33831333333333,-71.08451166666667,11.8100004196167,5,4.800000190734863,328279.56258379214,4689444.221926055,230411.40625,19,T
1697670252.5518942,511,12,40,GPS1_Frame,42.33831833333333,-71.084505,11.84000015258789,5,4.800000190734863,328280.1254119421,4689444.76367432,230412.40625,19,T
1697670253.4847212,512,13,40,GPS1_Frame,42.338321666666666,-71.0845,11.920999526977539,5,4.800000190734863,328280.5463987916,4689445.123717894,230413.40625,19,T
1697670254.4823458,513,14,40,GPS1_Frame,42.338323333333335,-71.08449333333333,11.607999801635742,5,4.199999809265137,328281.1001531795,4689445.29532501,230414.40625,19,T
1697670255.477363,514,15,40,GPS1_Frame,42.33832833333334,-71.08448666666666,11.571000099182129,5,4.199999809265137,328281.6629811246,4689445.837073391,230415.40625,19,T
1697670256.4755862,515,16,40,GPS1_Frame,42.33833166666667,-71.08448166666666,11.470000267028809,5,6.800000190734863,328282.0839678301,4689446.197117054,230416.40625,19,T
1697670257.4752307,516,17,40,GPS1_Frame,42.33834,-71.08447666666666,11.755000114440918,5,6.800000190734863,328282.5185648094,4689447.112372581,230417.40625,19,T
1697670258.4832826,517,18,40,GPS1_Frame,42.338345,-71.08447166666667,11.718000411987305,5,0.4000000059604645,328282.94408815884,4689447.657486906,230418.40625,19,T
1697670259.4826682,518,19,40,GPS1_Frame,42.33835166666667,-71.08446666666667,11.744000434875488,5,4.199999809265137,328283.37414819584,4689448.38767187,230419.40625,19,T
1697670260.4810143,519,20,40,GPS1_Frame,42.33835166666667,-71.08445833333333,11.392999649047852,5,4.199999809265137,328284.0606698445,4689448.37084277,230420.40625,19,T
1697670261.478785,520,21,40,GPS1_Frame,42.33835333333333,-71.08445166666667,11.321000099182129,5,6.800000190734863,328284.6144238794,4689448.542450151,230421.40625,19,T
1697670262.4769878,521,22,40,GPS1_Frame,42.33835833333333,-71.08444666666666,11.343000411987305,5,9.5,328285.03994698124,4689449.087564597,230422.40625,19,T
1697670263.4805908,522,23,40,GPS1_Frame,42.338361666666664,-71.08444,11.279999732971191,5,4.199999809265137,328285.5982376272,4689449.444242668,230423.40625,19,T
1697670264.4834528,523,24,40,GPS1_Frame,42.338363333333334,-71.08443333333334,11.050999641418457,5,4.199999809265137,328286.15199153736,4689449.615850168,230424.40625,19,T
1697670265.4854743,524,25,40,GPS1_Frame,42.338365,-71.08442666666667,10.847999572753906,5,4.699999809265137,328286.70574541844,4689449.787457712,230425.40625,19,T
1697670266.5559635,525,26,40,GPS1_Frame,42.338368333333335,-71.08442,10.746999740600586,5,4.699999809265137,328287.2640359218,4689450.144135911,230426.40625,19,T
1697670267.5431106,526,27,40,GPS1_Frame,42.33837166666667,-71.08441333333333,10.685999870300293,5,4.699999809265137,328287.8223263674,4689450.500814154,230427.40625,19,T
1697670268.4834208,527,28,40,GPS1_Frame,42.338375,-71.08440666666667,10.689000129699707,5,4.199999809265137,328288.38061675313,4689450.8574924385,230428.40625,19,T
1697670269.5605133,528,29,40,GPS1_Frame,42.33837666666667,-71.0844,10.522000312805176,5,4.400000095367432,328288.93437047245,4689451.029100155,230429.40625,19,T
1697670270.5403707,529,30,40,GPS1_Frame,42.33838333333333,-71.084395,10.892999649047852,5,9.399999618530273,328289.36442968727,4689451.759285466,230430.40625,19,T
1697670271.484425,530,31,40,GPS1_Frame,42.338386666666665,-71.08438833333334,11.029999732971191,5,4.699999809265137,328289.922719895,4689452.115963867,230431.40625,19,T
1697670272.4858582,531,32,40,GPS1_Frame,42.33839,-71.08438166666667,10.805000305175781,5,4.699999809265137,328290.48101004504,4689452.4726423165,230432.40625,19,T
1697670273.484332,532,33,40,GPS1_Frame,42.338395,-71.08437666666667,10.652000427246094,5,4.699999809265137,328290.9065324576,4689453.017757101,230433.40625,19,T
1697670274.4828992,533,34,40,GPS1_Frame,42.33839833333333,-71.08437,10.680000305175781,5,4.699999809265137,328291.4648224853,4689453.374435623,230434.40625,19,T
1697670275.4831564,534,35,40,GPS1_Frame,42.338406666666664,-71.084365,10.826000213623047,5,4.699999809265137,328291.89941783884,4689454.289691695,230435.40625,19,T
1697670276.4879704,535,36,40,GPS1_Frame,42.338411666666666,-71.08435666666666,10.833000183105469,5,4.699999809265137,328292.59954843344,4689454.828075255,230436.40625,19,T
1697670277.4829273,536,37,40,GPS1_Frame,42.33841666666667,-71.08435166666666,10.9399995803833,5,4.099999904632568,328293.0250705482,4689455.373190161,230437.40625,19,T
1697670278.4826717,537,38,40,GPS1_Frame,42.33842333333333,-71.08434666666666,11.14900016784668,5,4.099999904632568,328293.45512909314,4689456.103375706,230438.40625,19,T
1697670279.4836168,538,39,40,GPS1_Frame,42.33842666666666,-71.08434,11.211999893188477,5,6.800000190734863,328294.013418745,4689456.460054423,230439.40625,19,T
1697670280.4731083,539,40,40,GPS1_Frame,42.33842666666666,-71.08433333333333,10.843000411987305,5,4.099999904632568,328294.56263540324,4689456.446591952,230440.40625,19,T
1697670281.4725103,540,41,40,GPS1_Frame,42.338431666666665,-71.08432666666667,10.918999671936035,5,4.099999904632568,328295.12546142394,4689456.988341369,230441.40625,19,T
1697670282.479582,541,42,40,GPS1_Frame,42.33843666666667,-71.08432,10.82800006866455,5,4.099999904632568,328295.6882873585,4689457.53009083,230442.40625,19,T
1697670283.4815607,542,43,40,GPS1_Frame,42.33844166666667,-71.084315,10.8100004196167,5,4.099999904632568,328296.1138090738,4689458.075205915,230443.40625,19,T
1697670284.4753816,543,44,40,GPS1_Frame,42.338445,-71.08430833333334,10.777999877929688,5,6.800000190734863,328296.6720984322,4689458.431884835,230444.40625,19,T
1697670285.4732041,544,45,40,GPS1_Frame,42.33844833333333,-71.08430166666666,10.769000053405762,5,4.099999904632568,328297.23038773285,4689458.788563798,230445.40625,19,T
1697670286.4769294,545,46,40,GPS1_Frame,42.33844833333333,-71.084295,10.519000053405762,5,4.599999904632568,328297.7796042011,4689458.775101574,230446.40625,19,T
1697670287.46927,546,47,40,GPS1_Frame,42.338451666666664,-71.08428833333333,10.42300033569336,5,9.199999809265137,328298.3378934148,4689459.1317806225,230447.40625,19,T
1697670288.4768505,547,48,40,GPS1_Frame,42.338456666666666,-71.08428166666667,10.47700023651123,5,4.599999904632568,328298.90071892645,4689459.67353033,230448.40625,19,T
1697670289.4768577,548,49,40,GPS1_Frame,42.338458333333335,-71.084275,10.253999710083008,5,4.599999904632568,328299.45447166683,4689459.845138851,230449.40625,19,T
1697670290.4737682,549,50,40,GPS1_Frame,42.338456666666666,-71.08427166666667,10.145000457763672,5,4.099999904632568,328299.7245435219,4689459.653337205,230450.40625,19,T
1697670291.4723487,550,51,40,GPS1_Frame,42.33846,-71.08427166666667,10.343999862670898,5,4.300000190734863,328299.7336161943,4689460.023478435,230451.40625,19,T
1697670292.46648,551,52,40,GPS1_Frame,42.33846,-71.08427,10.269000053405762,5,4.300000190734863,328299.8709202852,4689460.020112924,230452.40625,19,T
1697670293.465554,552,53,40,GPS1_Frame,42.338456666666666,-71.08426833333333,10.151000022888184,5,4.300000190734863,328299.9991517202,4689459.646606185,230453.40625,19,T
1697670294.4726129,553,54,40,GPS1_Frame,42.338456666666666,-71.08426833333333,9.970000267028809,5,4.099999904632568,328299.9991517202,4689459.646606185,230454.40625,19,T
